Timestamp(us),ax_mean,ax_std,ax_<lambda_0>,ay_mean,ay_std,ay_<lambda_0>,az_mean,az_std,az_<lambda_0>,gx_mean,gx_std,gx_<lambda_0>,gy_mean,gy_std,gy_<lambda_0>,gz_mean,gz_std,gz_<lambda_0>,mx_mean,mx_std,mx_<lambda_0>,my_mean,my_std,my_<lambda_0>,mz_mean,mz_std,mz_<lambda_0>,AccMag,period
1970-01-01 00:58:50,-187.889758675,821.3652176290503,693.576075,139.40879110833333,836.29598550256,674.9188786097221,-13515.925046666664,827.4559661139901,625.3744272222231,-414.2036319916666,212.61753858252652,166.96688045694444,394.5060714566666,249.2504300403835,175.05860132444445,642.9450215666667,299.39116428230074,247.1905131666667,18.171693165,26.13648454187388,22.4487456275,203.91136606666663,12.10794655487978,9.987495483333328,-1494.7257991666663,25.63933287903366,21.154070166666617,13565.08241,0
1970-01-01 00:58:52,3375.964899241,1728.9842094036424,1297.93063465756,1792.3226471987,1989.4466426108293,1734.4477742295085,-12411.21094566,767.5223074054971,531.0517802079999,-74.5400079229,448.7140148713928,343.6943552843639,65.70107443799999,455.59912718594296,330.9453173197199,47.5321555722,440.653359147648,322.1050521446,-140.3076656749,41.88108335566611,36.305544815586,182.0137822201,61.05368703473183,53.03210287747799,-1298.05814176,64.4940486923662,48.628116766400005,13248.5304,0
1970-01-01 00:58:54,-3883.870658854,4115.170903584767,3491.7902171781207,2421.7179666033,4822.668927399554,4179.1359816528975,-11231.74598985,3503.2459620346644,2730.926498574001,137.045083824,1028.7346243366096,753.2462557660803,62.66321121200001,738.9725846406128,527.15049833188,-223.65331545,1106.7340858596497,780.6785766990001,165.4012480619,196.17207716428376,185.362256532196,296.537063724,103.21369906423594,93.95087185232002,-1484.7743698299998,289.09172784445843,270.39346264320005,13878.94399,0
1970-01-01 00:58:56,-4078.5269458867,2370.0868143963344,1925.6770184978325,-860.0898190988,1687.1132657487794,1459.359522891368,-12561.23977388,1653.3125840368327,1248.5594487976002,-106.6165142575,457.1811906637083,360.2339807136501,213.1497993696,507.9369607785114,368.22897085396806,-161.9971766837,503.1068329536199,365.0263139702999,71.4938218122,97.09448918753456,81.65276929834798,259.133893153,55.60240603702135,50.54005629111999,-1505.30699586,219.2930979740524,199.3648917028,13529.45082,0
1970-01-01 00:58:58,-2386.4038470806,3104.067249879452,2737.5507050145643,-1056.052803307,1450.1010447130802,1102.6411405621202,-12705.47585443,1152.596194312522,846.0746998383999,-34.123942891400006,392.8190993184262,292.7501383536561,-260.3490384332,269.89061129484537,195.362236386104,-625.084050443,296.33598199888246,234.2913298007201,222.5213993015,164.07153494036788,146.48792787644004,226.0003768886,81.18581787519157,69.671436796136,-1066.240048728,79.94155833236624,66.85030221935997,13430.57541,0
1970-01-01 00:59:00,-8652.0341678,941.5738835600704,752.3214137399998,-5454.945312496,2665.830453632503,2117.98125020432,-8358.29360275,1788.0376930664358,1311.2910738649998,-72.32611309179998,771.1374716591276,633.585073680708,-197.5110460271,384.0985013452384,307.53079936019,26.0423944724,541.200885330653,444.887326588192,471.601213657,9.90070510757113,7.894116426719997,-13.816035414,47.59411444980619,41.4980437194,-725.4833487589999,74.64871177547846,58.98531600869994,13566.37967,0
1970-01-01 00:59:02,-8321.90582753,2756.5023315926665,2400.472066751,-2125.1892257271,2093.297092597039,1665.0583176383582,-9903.10946603,1769.852122331895,1410.1001963124002,89.83752184519999,712.12201181289,545.10585122548,174.5314835146,620.0280316677613,401.016253935196,-64.15301263639999,537.8791096175806,398.754752056984,435.904240228,19.22044164161839,16.390478835040017,93.3414681733,36.49399085170973,32.541757147498,-821.4964720019999,153.19415280838706,135.35852877224,13630.69653,0
1970-01-01 00:59:04,-6141.02799158,1903.1047086889305,1544.121732418,-2769.11635099,2814.5964457754167,2167.8874334718,-11086.45289961,1709.898018448371,1359.9373344992,-30.661611132800004,1315.483986273091,820.300968775112,-180.840251474,961.6366302101056,645.8866718605201,-203.1123664272,626.6889299232319,448.0050897402561,448.821401044,16.220729637390917,13.889277041200025,0.7157705101999996,51.80424775076629,44.318179527188015,-858.741507213,121.94107211250044,102.85222721762004,13482.40332,0
1970-01-01 00:59:06,-8809.92814835,1501.233539699583,1246.862239832,-6768.908540779999,2126.734336419493,1783.393160377601,-7396.855673370001,1369.89411620044,1024.0631883092,28.7306953281,388.91258568363503,293.69895041250004,-23.728624681800003,608.5972625800875,459.692290506652,-138.1603541438,405.7374446807029,308.763422767192,443.844299127,16.83062791044734,14.342043512300007,-123.869912695,46.14164860130682,41.45609623640001,-590.344212001,50.9829412043182,42.26042253911999,13585.38108,0
1970-01-01 00:59:08,-7931.71102501,694.8153689189919,538.0831437906,-8214.93142805,645.9919172961697,511.7216488890001,-7197.93805492,745.750778077875,599.8040348079996,18.177241772100004,381.5487357928012,311.4267548929001,47.3407285661,480.9266965926244,382.999810851344,44.061500882500006,367.9731603775743,275.6235811024,459.274979657,18.0034180494858,15.442665514439998,-146.2668713104,24.76123845585458,20.802954329808006,-706.365617824,59.07633899368304,51.76685364855999,13534.81892,0
1970-01-01 00:59:10,-7288.37482652,386.9179074796605,296.8616572728,-8008.77287553,393.7562740988681,295.799653657,-8090.029474159999,435.2078230074666,331.12625747600003,20.6241781658,123.77211286781092,79.743160161076,10.5617764674,101.58801721564916,71.161238212184,-4.585925007799999,62.29010987823012,47.89087311858,446.341173005,7.637316226332938,6.220212173600009,-144.73545534299998,9.316571828854077,7.13606552018,-759.3076667749999,20.91735629403367,16.248323498000012,13526.85484,0
1970-01-01 00:59:12,-9336.21922289,1753.7015792644502,1466.8636277722,-2086.762336844,5334.514846506299,4688.1844772116,-8101.76478149,2156.395675349901,1665.4350128202,-391.5181457061,1039.1340362133076,729.1817183156559,-75.7385073961,578.2769262874955,358.10165044249,91.1026046013,669.4680140790364,485.672596028804,461.322416228,12.80781632716064,10.225197874560008,-110.653127012,46.37750577961906,37.9816130188,-717.285279548,37.84115932526311,31.44263326375998,13747.65135,0
1970-01-01 00:59:14,-5534.387516054,4728.979771223873,3740.74718530384,3030.006378723,2448.4609538163118,1959.063884217,-10884.71381354,3337.6597334738067,2527.89336626,96.4292688672,919.8442453828908,681.259051695088,76.03813224890001,1745.4644306111863,1284.3160137838122,594.9551057346999,1718.1279530228217,1251.42652530571,414.248020863,86.15138392293969,61.983728613939945,-4.452758400700002,123.75536674592688,97.343956992518,-965.724229674,136.88357613216607,104.19487954528,13810.77709,0
1970-01-01 00:59:16,6530.265659186,4134.926971926305,3447.5955496916804,3757.2292160375,4271.295729556912,3303.2069931085007,-8092.035296382,6374.456576501056,5519.29308149868,-92.8254475755,1738.4372733626903,1179.04598035831,324.693478027,1568.7343847051966,1110.04953175662,-90.4867090769,1631.5658053340617,1073.506617500066,106.6830975538,68.79129253103804,59.363342717732,258.509674679,40.7062822089407,34.51345521522,-952.598996012,237.75422559354328,204.96421456640007,13869.88526,0
1970-01-01 00:59:18,9036.020077437,3938.1003984975832,2955.1900502655194,7313.035617263001,6339.577490924513,4637.33930296544,-277.7272805149,8889.112348083354,7291.025840984291,537.2440277023001,3124.094024098689,2406.803306606068,-106.6581288833,2697.7970546165657,2003.567331822362,336.5369831198,1347.732162747557,892.581638758972,62.6465653972,58.90201562770204,50.021372360888,244.5854414008,82.68143252648453,59.98822701504,-571.517783032,329.3051902426692,270.6344941912,15692.87522,0
1970-01-01 00:59:20,6819.029122268,2764.888410076302,2174.0227518905604,6115.8511800464,6668.711501013314,5562.579053125248,-2439.2876356262,7542.683675351391,6147.760396091181,-1613.5131865055,2607.9307041747857,1673.08793119604,-68.8554583872,1524.8380987891064,1142.4752675311522,103.3289636536,1425.010453970016,1024.206841647328,97.8191953212,87.99181477836976,74.890901945664,140.4574781042,161.5705646191159,139.31224528738002,-609.8364740077,437.09893742004346,355.67202569337803,13894.60818,0
1970-01-01 00:59:22,7872.51014556,1820.9720055980777,1403.5933431072,-332.1175163695,1281.8274626671682,969.3197280005,11199.95246238,1744.7788882850966,1252.6897770011997,-75.239132618,625.6423427158593,407.3899406236,130.7030242095,1006.5095145856574,636.04099883764,95.5720088513,792.7551825743406,587.4480047800221,74.3818725883,37.42098988061112,28.335190510831996,-257.977008254,17.699073126555216,13.487113905520005,-250.328251309,29.377119771456947,22.86803548320001,13923.32125,0
1970-01-01 00:59:24,3241.3417830040003,3340.5006049530803,2880.40501557528,283.6032570288,5240.280846252017,4057.32848666672,11587.475609530002,4084.433018841593,2616.798721504998,710.3855847333001,1827.185814119298,1254.2929364993602,-166.2085706055,1016.0168765517416,741.4317144653801,17.52805455730001,767.6869172142013,551.398972123376,225.992053979,75.04223481631942,69.8650277549,-171.15238088130002,160.1704789360906,120.544409612798,-264.002797197,117.23659824737412,104.18622368270002,14078.80335,0
1970-01-01 00:59:26,5139.176222059406,2060.5631760157494,1401.4670815171062,4647.498082460396,4274.814483252893,3605.528947459956,-9396.782917573464,4517.010823945838,3501.370234059209,548.5623651760396,1681.5289000332418,1197.151767444968,28.808815346138623,1333.6309752108186,791.2320215110284,-177.49229797782178,680.7839910812208,478.0232102895167,137.54231606237624,26.99875294397856,21.536607990510745,248.15465255247523,28.727853215662908,21.778111979766702,-977.4643163782176,305.76461702830323,254.7198080548181,13331.01869,0
1970-01-01 00:59:28,4650.61900982,1208.890778956045,879.0186199220001,1078.9907512528,1090.8296714285973,858.7301880173119,-12268.38976001,744.5575642680793,544.4516703875998,74.4651017222,298.56819231353546,208.811564251376,112.1429284122,532.9063990374706,329.585353340728,3.553883806500003,282.8034476865646,206.3558055729501,164.9851024268,17.673331951573598,13.660563394912002,203.345407976,14.556209886196772,11.461649816159992,-1208.42036993,22.685439744027605,17.605957064399988,13267.24297,0
1970-01-01 00:59:30,4751.95879734,4099.207679194144,3685.042928048,10455.900695138,5272.173707727651,4376.9501479316405,-4214.85625918,1434.3915777169373,1158.6240489908,-153.9073053464,299.4822312178053,204.705039031312,-52.6091324581,882.520800570678,646.34826060069,-474.5475248067,582.174172358152,513.3655905713,134.6896994669,78.18152718136949,65.542606171128,402.437807461,148.68395615193515,134.27455256144,-768.013433676,260.0091912497989,233.99486765152,13861.40305,0
1970-01-01 00:59:32,4368.6803353664,1050.268394127174,760.5687545783361,7940.208719190001,1706.515605877221,882.4018841440006,-8981.8046227,1270.7654421584766,978.4273251860002,162.7379159368,481.4781581933859,329.873991966864,-56.4543182009,263.2670083174187,197.469265009354,162.4299681547,308.700638889059,235.41592178967596,119.2756647708,18.014030943601856,14.704256677695998,347.323478237,30.192722658083294,19.749606478840004,-984.816991787,76.34041328131762,45.18942204124001,12928.06686,0
1970-01-01 00:59:34,4025.218688724001,1293.1382119162683,1000.47355617256,10890.96432084,4002.546782626896,3537.1520900256,-5270.476270961,2229.3295236832114,1884.64938584212,165.50112301590002,520.8686738549743,413.5730326263261,268.4472326959,552.2079251124488,460.897614773116,-29.288330496,526.9878559625829,415.66241668276,121.847444854,41.232648230025816,35.2225673912,490.044788642,156.78875526407757,139.40313149536,-750.2606605039999,290.2276797368591,260.71424788408,13448.7854,0
1970-01-01 00:59:36,5972.863536499999,382.5616860478872,294.97701691999987,6330.20780182,685.1898221233747,557.4347485543999,-10142.99246162,513.3600913039983,433.14619320680015,-60.7239725168,122.7591775162608,99.514739131576,-24.4693639234,166.70851390051476,121.07507854227202,-34.6482864008,116.50076155557714,86.842771323488,136.445834084,9.744104110845743,7.839185195679997,304.918237007,18.965707631748693,14.462559286160005,-1182.48617326,27.100570618672258,22.7162255036,13389.97766,0
1970-01-01 00:59:38,5184.75026814,291.6706284677582,236.32578263600007,7803.6047496,441.53886492744687,313.450887304,-9397.45089288,134.3598241427874,106.51763805759994,-16.0216073333,52.99474130473772,42.188845490964006,-5.967528548200001,78.51045488393322,56.648741449456,-25.2766864766,37.961945950424976,31.008343674187994,159.791604778,8.322488334200845,6.7493829906800045,355.95433891400006,13.210032542799844,10.43160612228,-1141.67893131,22.244144308015656,18.457723899000012,13279.70421,0
1970-01-01 00:59:40,4237.61110301,538.2112705497735,469.9116623488,10328.90969003,2479.5698319982453,2255.3432705772,-7449.84765971,1672.260484011287,1525.0655911099998,-71.7768008494,393.3807707883619,255.133235372092,0.7740309016999981,236.3704082925048,149.03806838802402,-15.447326340199998,264.2896830550632,162.499214793144,182.746198554,22.039495674509723,17.964008750359994,406.998763728,45.83467862195908,39.57744833271999,-991.408738868,137.08633434143204,123.30195714976004,13707.43542,0
1970-01-01 00:59:42,3114.06779901,547.0895763036981,434.1258002322,5433.7884679300005,986.2498671182642,860.73068335,-11153.36911946,1178.5376293914155,883.9799082208011,76.0048406083,307.8270311798132,219.69826724482,-175.0724728518,302.0062852125293,231.037403773136,148.68051604820002,328.66363463223854,248.02613358872,211.734904187,9.349184710414113,7.470646627079991,265.95035881,17.5631490396244,12.388489383200003,-1036.568864265,42.70599223528606,36.02356454440002,12870.9043,0
1970-01-01 00:59:44,3471.03753326,1165.35086257611,1030.2344616852,7805.33591554,2007.7947634229183,1795.7650039479995,-10225.03141382,1113.5028341368566,998.6530020452,-8.755704369299998,168.42212414894567,130.57585007499802,183.3620941032,407.3937451250004,343.75611130473607,-153.2747639681,244.9707903469356,193.273351698244,188.871862451,32.805169629430246,27.94201611067997,310.228255435,41.8614380456206,34.17121703820002,-1002.378338052,62.67935619911936,53.62153158048009,13528.79601,0
1970-01-01 00:59:46,5357.05953394,298.6966379611787,221.21703233160008,7705.8188459,1061.8966782080638,917.322829014,-9198.46669131,590.9580036686044,497.1412371657997,-26.067363205700005,223.0269572000215,167.33649176990198,53.383163340500005,130.21192913389805,95.17617109708,-6.308767975399999,160.76452785439727,135.37883665233997,160.091229642,17.25850614008295,14.292938329560002,352.350517623,25.19730822902784,22.12729623467999,-1118.47465014,58.62511761875756,46.412723846,13189.03639,0
1970-01-01 00:59:48,4674.31434292,1017.292470252312,823.6920563928,1601.5448377363,7286.318395214274,6607.588849250071,-9088.45442855,2523.117015609389,2089.706983498,217.4111307742,1281.9707098588162,976.532697244704,-7.324163352199999,147.61446293244805,112.68225317231196,97.2532372356,373.8285015169517,285.19126885324806,193.640891542,32.36798791199006,28.18537807176,134.931063936,221.4406549022576,203.84278525728,-1213.98839856,118.76620202073984,108.1813883192,12789.62706,1
1970-01-01 00:59:50,4909.35340324,1101.2524397039729,919.332313156,2932.045694144,8038.491956415542,7230.46366575584,-9304.35078918,2611.2329960250795,2155.3281579168,-98.3518617182,1709.0424920258713,1545.8810297707082,32.8338913923,322.59005801260827,259.293693071068,-187.7982066666,613.5725222993228,538.724174517396,188.089508638,43.30670269954093,36.94491098627999,135.996396786,223.0721650979017,200.7153674994,-1180.96308014,189.14313107090803,159.84237455800002,13588.7858,1
1970-01-01 00:59:52,5354.312972659999,1031.885343918102,754.3705148739999,3706.7507494811,7741.343349268154,6933.760143641168,-9355.17049522,2206.123964821494,1813.8110765847996,-113.5162090476,1605.6219091497408,1466.7431118037366,-36.3378377242,311.4561848263614,247.98451902698,-132.6172941492,645.0960469601022,562.106566031912,180.732053629,39.771526075913,33.25752765874,166.2418622669,225.0313765851905,203.288146335072,-1175.361759728,192.48194410824672,166.44494134096004,13731.96435,1
1970-01-01 00:59:54,5439.389788349999,1048.0558468066506,814.6493779679997,3050.355900938,8698.877078908452,7913.216846766961,-8411.48533906,2942.4799604549016,2422.7396873068,-14.864722440400024,1668.8151715487522,1502.028766935368,13.4581501589,274.2986996708651,220.401886298678,-173.4578277749,744.4877705940588,654.326272025594,179.741627,42.920676160537695,36.558228454,136.320990389,254.74179776980412,232.22807969366,-1159.132079588,215.5148144709288,189.62758295912005,13678.30911,1
1970-01-01 00:59:56,5528.0870711,1068.2877517029249,820.7475763020001,4611.9091417409,8743.342652946945,7857.087122035375,-8429.32966427,2924.036131738225,2426.5925300576,196.1044737145,1790.8274066538515,1591.0413216394998,10.686620164299995,223.37789850239835,168.83594775878603,-42.088970525700006,898.3068355686064,765.04797981267,188.330873106,45.07199909277471,38.385274298,167.4403617271,251.51744859987397,229.711064375648,-1119.847930689,237.4827020321267,215.04742348076,14056.5872,1
1970-01-01 00:59:58,5700.3796910500005,1364.0032969126123,1094.145443986,3739.02700591,8585.919766273455,7720.582029044401,-8339.10928878,2404.208499081451,1995.1317269108,236.8368094851,1779.1940122996955,1615.932157857794,13.649577153499996,301.36621478885473,242.61956937137,44.6857193685,975.2356660131502,854.72037506059,173.5660256223,49.81127203939893,44.15505044503801,151.3438481776,235.11831192159863,213.332237621088,-1163.526577577,222.68740122361817,188.93511658990008,13730.6102,1
1970-01-01 01:00:00,4814.88001885,760.975446212713,588.914834909,3174.225813382,8573.655310340224,7621.407863238,-8716.2787328,2603.0521207475203,2167.371246788,287.0322971555,1951.1346917362011,1778.31951271028,-5.626289121699999,325.17585981332286,269.621096312368,36.096473239800005,767.7824020597948,666.2328647378158,180.906834795,40.16649155160454,35.09672495259999,129.1799311194,234.1738819235125,209.220052815376,-1166.963940632,260.0527303585536,219.30442702576,13430.37343,1
1970-01-01 01:00:02,5093.012897237623,844.6547830409285,621.7073154676991,2048.7880166881187,9179.778484723687,8386.714011780316,-8070.349575683168,2870.294325223218,2454.1245630549947,153.18279988524753,1796.3465342715745,1642.503403944488,0.6510001177227729,224.3550313419173,173.5912742038114,-37.57671566762376,793.2900800570602,703.9777715998922,189.49871787425744,46.91140003819635,41.07852354333888,107.89296891138612,252.1973553296484,230.5026689057837,-1169.8554524623762,236.2711313551301,195.63422474373107,13395.81853,1
1970-01-01 01:00:04,5119.698380899999,961.25121264889,786.45118265,1572.023465636,8865.702940451498,8121.673189004001,-8268.96377835,2991.552258786659,2555.7052119649998,41.98909556710001,1645.0358570215817,1477.6158323122422,73.8824978091,300.5924137393011,253.939063823772,-73.8658520077,744.2677785442661,648.321623287024,183.112406715,38.65435033993768,33.000849037900004,99.5087466314,246.51933102028715,224.064134430484,-1202.361289223,202.89746892220504,165.82305333226006,13322.1531,1
1970-01-01 01:00:06,5349.28593327,1421.5281218995135,1114.9087813084,1116.352306937,8602.677477509273,7894.96037064426,-8387.1657877,3106.4290410127,2805.514113781999,-61.1317952399,1662.059499293032,1481.624979409512,53.7493715085,353.5448262749093,297.35404084867,-134.3734287824,804.6257792191185,696.660269107248,168.5639549676,41.36081720767659,34.953737311640005,107.1991181541,244.16130425629828,223.69659460006403,-1215.76950185,179.69158358951216,149.81243220400003,13318.75062,1
1970-01-01 01:00:08,5841.29492936,1890.991131798159,1498.9599424680002,2342.6586168914,7802.659890127172,7014.440630315115,-8754.64736082,1857.7358841860428,1527.9038707868,-56.6956826715,1544.998062288353,1398.84462194444,14.706587093099998,374.3102490652204,303.972254730962,-183.9530208892,760.9610826201654,654.4645987863679,161.8473642557,62.05421073638451,49.791327056098,147.5652457159,227.667171869264,206.553058605782,-1193.064595507,186.97854715557352,159.40791852090013,13303.75934,1
1970-01-01 01:00:10,5628.03693208,1175.52154779812,952.166204552,2478.163961703,8451.490490020944,7665.65979245482,-8537.02815729,2102.540592582521,1795.4470686809998,36.7123688646,1488.75358175139,1353.5636478524,50.095612746,256.14298779421955,207.26067265868,-69.8958224973,830.432650091004,728.8035251817921,163.1790303236,42.8521354597666,37.604917979344,155.14741936939998,234.7680877679797,212.5755183826,-1187.737931232,215.08998286029487,185.45980110304,13481.3539,1
1970-01-01 01:00:12,5823.15097921,1646.150102041767,1316.6491987204,2316.890878609,8420.745262040613,7619.32713493792,-8624.21066983,1807.6571059468567,1451.5071874001997,210.4448526948,1267.9203442085716,1110.8275576756162,-82.0056608053,224.3508829794063,170.829784776124,-31.2691837603,806.143614421611,683.221927467912,159.2922299962,49.280762691689546,42.34598209010401,160.0579379837,233.2130814519602,210.667573832952,-1175.120395283,199.5415212412289,176.15578320908003,13644.36909,1
1970-01-01 01:00:14,4927.59722824,1345.0177748431204,950.8475221672002,2411.0729607564003,8191.722096009598,7370.41977140309,-9253.04003129,1950.2581182075808,1594.6834283488,69.9873745315,1493.6891643824445,1344.71872186198,-9.130235449200002,284.5949807848928,223.599050057528,-79.1758704048,654.111465937759,578.337078463264,184.24432287,50.87676297435894,41.986598709,156.7870332095,231.96079288911824,209.59791306031,-1177.841987809,203.98471253762816,174.56677265212005,13535.42145,1
1970-01-01 01:00:16,3916.03871731,1210.3146146918857,942.34516731,9147.3806515479,6182.64800001403,4560.04074861815,-6373.2122926846,3233.3371378494785,2781.9657631290925,-725.2170155447999,888.5089815516358,799.088693579056,261.5475378829,234.3105443199278,199.78320125115204,-317.5773875253,302.68970067610724,257.792406039278,150.8527963199,61.8602985882878,52.16385660290601,382.9122537909,206.05570170439688,158.452115162922,-805.8660415749999,347.3873217908046,279.5708057995,13646.92649,1
1970-01-01 01:00:18,6861.02654096,3821.9353856438097,3015.5131913736004,7903.987401694,6986.355706917113,6523.072664588841,-3514.1585449851,2505.978641079366,1937.276495713112,258.2766331202,567.054520512211,444.3403447458599,-5.7011953420999975,864.9416908410899,584.7154260103218,431.3266381311,432.6720771155908,352.720387870766,72.22623814800001,39.31842089228813,28.06952313096,357.67718188140003,213.0787657655064,195.571807326368,-779.5906055569999,422.5711616185116,401.62981909557993,13625.35908,1
1970-01-01 01:00:20,12083.65438583,804.8030463171385,604.6110164032001,235.5217892245,929.5054201563768,694.11795211811,-5565.41533541,1151.6012199687002,954.3095210562,48.6474258998,185.66431496356515,154.490741544204,-41.63953324,337.3843653904096,250.04177663300004,-82.2969627618,226.818716551838,156.14983100658398,24.9770616129,29.71403299347008,24.960748703616,124.127922988,9.92919101295659,8.172767560320004,-1244.43361402,40.92839501228983,33.111377257200004,13399.9428,0
1970-01-01 01:00:22,11410.10601337,2872.6157390080475,2182.142086619001,333.4158907619,1837.0856797973704,1509.62658762372,1745.9889909679998,6974.237578905387,6095.639984791359,-564.343432091,1009.9055395147795,824.9871016273999,774.6884098254,809.5324118854536,694.0237367437119,-110.6448040929,511.1582363091004,358.42358070753806,-9.1468812788,50.8478515528976,41.77020297344,165.6259667108,78.35950937184388,65.81759521152,-913.872482286,393.7822647484084,370.26775163368006,13833.83831,0
1970-01-01 01:00:24,5091.05091471,614.4457920797284,479.1857177268,-2122.7672581,403.50579445437336,277.053291062,12966.0079963,484.54771628914136,375.03361802600006,-43.162626299100005,117.58826273754092,84.347062662192,8.5143398935,207.7355251110301,151.56473828283,-54.9645167941,81.36484370750894,65.07186221970998,34.8230675736,10.927391362658453,8.587248613704,280.815081245,13.28825678161438,10.287120344000003,-349.495758505,19.798957721447145,15.6657195741,14110.24944,0
1970-01-01 01:00:26,4995.86175988,137.0585671035291,101.15135671919982,-2193.04593461,129.0091567636472,85.84252363200002,13032.6245915,134.7766283515103,98.89851013999991,-10.2122141288,69.16099433568034,46.670567629112,-14.8813682641,109.96737791739366,67.28509121747399,18.0191064281,89.46169400445389,63.267454700864,48.356123949,9.29175466853628,7.190996745600004,295.247012214,10.09523829981196,8.028947607479997,-325.20949866300003,17.31890832935474,13.575669691440009,14130.13697,0
1970-01-01 01:00:28,6247.7527037,347.29039164140005,269.43066808800035,-3471.1790228,394.0305180971672,229.603698764,12107.2165526,344.27380486474453,214.84933803199905,1.3899264542999996,87.1243234100944,48.353127700356,-36.0382128592,99.67175448973528,65.363164172096,19.5921369673,94.28430834590264,47.52050349382,11.6271093213,8.265932887965183,7.017214324248001,255.862988373,10.27084090122834,8.060241765859995,-307.623183713,21.59616775428844,16.868546945080002,14069.66504,0
1970-01-01 01:00:30,6509.19204377,29.634617200997173,24.507815725400004,-3435.66515349,39.236535101283785,30.680254480599967,11997.6870185,49.11770585997821,39.41731516000005,1.6479367542,4.733318226333903,3.64710043278,5.1019456077,11.303161514506042,8.822620590516003,-0.5576351643000002,7.662903144422115,5.717674704042,2.3803530894,6.0609270745126125,4.7913344982720005,259.050664019,7.162937995495694,6.075726426240005,-315.738023789,16.2874110490448,12.71807674342001,14075.5359,0
1970-01-01 01:00:32,6517.34017551,26.53989242661289,20.42109907159971,-3468.17445129,34.35577859878073,27.048135226800003,11983.4631599,63.29679141718107,52.66140049200016,3.0128944698,6.4194700602072885,5.249760540804,4.6108937466,17.001187311759427,13.972173260004,-2.0224678347,7.618213156067709,6.1887515741820005,3.6787275018,7.04951263574962,5.434529207184002,256.870060833,8.392946864718146,6.314094654240008,-314.772565894,17.01541320800703,13.592981350840004,14075.16359,0
1970-01-01 01:00:34,5881.319817510001,1110.8611545136848,822.4829035856,-3870.11288391,1468.6027230644888,953.3389028942,12012.53509558,874.6711482754458,588.5259887548002,53.7993089877,271.5692756841845,192.11546806059604,26.4335713719,188.6764698055117,122.518604552166,4.2030710178,290.31494196689187,176.786160620164,-22.8214271726,64.01626139739709,49.3299047595,204.1943450894,75.4713890274106,63.085349367052,-327.631466316,98.940446489611,64.44764374696001,14040.76237,0
1970-01-01 01:00:36,5415.61122616,639.6882308463714,537.8053249392,-1466.2142739127,556.9396138180059,440.5590789203159,13041.7298581,572.0483983891229,425.8864493480001,7.9150901705,110.99149555765555,84.69346229827,-5.384924648999999,84.42330318046294,65.21684736294,-65.9091472574,185.2349569524815,143.05922067576,-253.166364596,33.116404978506985,26.042727382880003,54.764766882,27.03099759213345,20.720723955840004,-677.793057846,51.63142927325263,42.49396346828003,14221.49638,0
1970-01-01 01:00:38,5732.62463329703,598.2880901581444,464.5609945038722,-901.36322655901,686.3979838536111,517.6096307786452,12836.947718118812,624.9521929241615,479.30416001960606,4.622924887623763,129.00710851837096,102.9412396017214,19.4723199849505,108.217141797341,84.75859988727773,43.6582104419802,118.86637959666432,94.38155488857367,-240.23552453267325,34.061887700874465,25.77353443809429,-46.17156532742575,84.43344659117881,68.91267447225763,-775.942697519802,67.36559166868564,51.35696606485634,14118.14269,0
1970-01-01 01:00:40,5414.34614343,765.4156729551099,613.0657641759999,-960.8220338979,849.0000772774796,713.317414048478,12998.2093461,656.0239777075892,515.2009599439999,15.738628295199998,165.6505350356207,119.363388274288,-8.347881639899999,144.94451494083793,116.696560522296,-18.0274293428,112.63384854670986,88.771856077368,-223.32039893600003,33.40555631234789,29.823993171279994,45.393166957000005,49.08807278122977,39.33608386472,-678.525474178,66.01269060629203,61.72272205688002,14159.85743,0
1970-01-01 01:00:42,4997.0269676,341.4038343936584,234.295990628,-713.9228227573,412.8372354305217,372.169370755284,13161.8877521,377.8654288819,266.814610016,27.4073521776,83.29738714527507,59.97158119072001,24.802280444000004,94.01003473753796,72.43597555256,14.956274483,90.5829727165433,66.45196763557999,-208.37244736,11.484852182565316,8.936810947599986,-4.6774770498,49.7155696488801,45.97810127521201,-680.373160842,28.01571725165339,23.05496810916002,14107.67185,0
1970-01-01 01:00:44,5299.248580869999,639.2133042325224,476.3808960056001,-924.6756231941,966.9321310593306,799.5489506375461,13051.7339996,550.8120314908697,408.381532776,-6.7415594484,141.41781924708894,107.863286604912,-10.5700993824,99.26029947597324,69.120127052096,185.6342493228,242.0600604762813,210.773441281936,-152.4757643299,75.2354200587734,65.23499130913,-74.5150391944,28.14031754987498,22.864040486575995,-695.995268352,64.4194001550169,55.95660800960001,14165.77003,0
1970-01-01 01:00:46,5738.71502786,1141.3357104243878,773.3843757943998,-2225.8465343413,1121.9690436465364,833.4864602928303,12660.83174923,1016.3398723002844,698.5900194623996,7.199319661800001,232.1097772715701,159.898970349348,38.2104931291,421.63650853240136,272.789462799572,-161.6059997896,491.6934228162998,336.962616898032,-132.7005232786,86.95399878169286,79.00774757782001,23.1959582533,59.5835941834358,54.567513847170005,-609.079088942,45.663105071010925,35.490898103679974,14163.1658,0
1970-01-01 01:00:48,5957.86564747,659.984108121544,463.5954037629999,-1196.060844098,588.6945747082931,415.6479348027999,12650.5446289,615.8394208390488,452.0943033460004,-41.7643769354,120.75456645128088,92.78050384788,-24.0615411923,133.16850294592396,88.41896456786803,-33.8076722,153.66799233248167,119.4204834546,-217.494359899,20.115968972190945,17.334297155039994,26.9912065347,44.42294419683429,30.355660845396,-708.105106623,28.58899317834889,23.477272701600008,14064.16225,0
1970-01-01 01:00:50,5932.53070051,423.0764752513578,258.6236985626001,-1134.1217263108,318.9401321471322,183.35876493515195,12762.4295477,281.82790957713235,172.04909082199984,17.977491864399997,107.29265855278912,55.97991216811998,24.186384887100004,71.54789623168344,40.400417965842,11.776921755599998,37.78675693403956,26.048220505208,-222.329972294,13.388794224620272,10.674635169279997,42.3136891836,12.627709405964763,9.751790586672,-708.912429173,22.44744639610161,17.85764191630001,14128.44935,0
1970-01-01 01:00:52,6043.57500446,390.0613305251047,313.3142250724,-684.9424400211001,238.1406645021041,179.693021176056,12727.2069798,396.9942448924714,285.43046939600003,12.975421213,95.0495730682088,77.83737956665999,-6.2088930239,56.78765875516511,42.827046451812,-2.9546340809000005,93.38456593654804,73.56456254026399,-222.995805328,18.86388018049112,15.73596495928,-0.8905516802999999,16.121485954775267,12.952616429754,-743.394257321,32.22488445257139,27.18230061964,14114.69432,0
1970-01-01 01:00:54,7823.479865688399,3422.419324063399,2751.664367917832,393.0329158975,3317.250157910522,2796.6172526768005,3931.92715787,10102.689329437808,9387.4064684186,47.6736450903,692.1350781505353,536.5142747088819,-742.6784868079001,2156.1597293129125,1535.5289907037338,208.6637493152,1063.6590281533067,772.023579599184,-69.3964477607,140.32444911653587,125.607071071658,53.2499967349,128.84795099152387,115.95215919348396,-841.4464941450001,239.88594051340712,204.84353222979996,14013.396,0
1970-01-01 01:00:56,12591.27716587,994.1406891276698,753.6048065907999,3608.40721069,1623.0822839057955,1191.1010538852,-2264.8976416903,1268.9657672111582,945.727932035894,-34.3070469741,314.34982556885774,210.71384922774604,90.8196255707,354.724510465081,260.775504483514,-87.7984081835,240.91920340365732,200.69755646819004,-0.0998749548000002,20.733769517861976,16.295597625167996,212.750299562,17.740085075942556,13.943875353360015,-1069.461016018,42.73508064933068,35.86709372452001,13456.33288,0
1970-01-01 01:00:58,11058.5961098812,3528.5374497446355,2631.193532944935,3943.346194477,4011.325062593157,3149.83002401622,-4916.544400166,5973.727661733412,4743.8040075238,221.0149520624,1166.2026982263856,887.1817328693281,-111.3356058665,531.4120567470402,393.34419282680005,-9.038683435400005,867.4392098080926,601.8727780455241,64.036491852,38.45004513981522,34.40392567932,168.4973716624,77.40298827480375,67.681095412848,-1174.604374686,133.54628634364587,122.08564654308002,14070.87253,0
1970-01-01 01:01:00,6175.518142901,3894.611815989389,3520.1227446750395,9494.28798402,5815.648982452196,5344.0772874996,-4187.6569798101,2819.734654873233,2428.144586925092,-214.3150071682,531.6080581468136,411.493136690436,27.4239980142,356.86190087030025,230.318304107368,-297.05308431410003,454.8993936577143,391.8450697470279,149.9372758943,41.861731391500335,35.294976739814,328.555309646,192.47213323718285,169.55571326336002,-853.930863561,394.4588724802759,356.18738047646,14060.15547,0
1970-01-01 01:01:02,6078.63943651,546.3643238559536,370.4362073727999,4980.08984007,2181.871566407714,1239.0075741738,-9835.65225712,1999.084042880796,1752.7874793167991,280.3406751942,469.4013919429518,360.725199019828,-69.3798019333,167.11269600567033,144.7853928119,230.6112706377,446.136750045305,343.4000571038401,162.271832811,14.381426304179456,11.698686368800004,224.726971224,66.00634328510375,40.810571111600005,-1246.164779854,104.82137626173524,63.88884341651998,12854.35185,0
1970-01-01 01:01:04,6134.56108829,559.4411051689481,429.7329668132,3445.36966992,759.6888506807607,656.4717525184001,-11009.6823508,599.6507444698086,505.61895611200015,-64.344439631,143.7685796599173,117.63288822362,-26.57506089,92.37530130370062,74.2869913818,-17.3116588333,78.26238626868287,58.500090192368006,165.28472728,8.912459683468622,6.879220438800005,180.865220239,28.004286149831067,24.736529434899992,-1280.7131913,27.53839706152204,23.392711964000014,13094.16016,0
1970-01-01 01:01:06,4354.9974665400005,409.3768884445232,345.6635564956001,9075.8202469,1548.9984552990238,1146.992944726,-8616.819923179999,879.9260450629888,767.1818081287998,-171.3188391382,274.8802133584732,235.46785676849603,7.5322361733,63.06096643112475,52.939552084302015,-72.3344360149,74.61843358161678,63.120305601688,195.405349076,12.887059514875284,10.83243758783999,323.39510365,36.72848186643826,27.482258398999992,-1033.630875984,82.39663349471763,65.06204118928002,13366.28716,0
1970-01-01 01:01:08,3715.74781841,146.68549117736404,110.86852403460006,9700.98752637,786.7934298122138,574.8849006872002,-8373.308137459999,777.2397596398376,597.8656282563995,121.35639299550002,193.91370236360967,164.83545644261002,-5.7178411635,45.22768225489813,35.85327773349,0.2247186493999999,43.7397038657197,26.911972405256,210.486467255,7.819673541663841,6.152297230399999,335.921087563,21.080363280230937,15.680534363660003,-1008.520647749,53.145999716009065,38.09830027051992,13387.53523,0
1970-01-01 01:01:10,4383.86965142,605.2090316099699,453.4059943735999,6439.346158640001,4485.300455517754,3077.5292126288005,-10006.83792998,1559.2933782707069,1239.0733254192,451.8759100786,1018.9508310005842,857.0987306461238,2.929665342199999,120.25126075479152,96.28611476318,145.9339547898,305.2490398231105,236.56481669040403,196.171057066,20.107486944279923,14.360353912519988,233.7656546236,129.94645210067816,90.489039467184,-1129.16959314,127.54310801126816,103.3639198864,13414.00953,0
1970-01-01 01:01:12,5824.57419733,1084.8072283059112,941.9047187036,2400.211559905,8534.467536444681,7830.148849556901,-7926.051444279999,2377.992390662658,2005.9550091832,27.0910814711,1625.9981002568002,1412.208556726744,109.7625753286,280.38819484503983,244.336086923688,-36.9787019995,707.5379930447771,601.2387385307699,198.243462368,39.15955914513393,34.15923204327999,79.5171098478,214.26139314868163,197.62823265275603,-1156.66849744,192.12844834378555,165.76179669919998,13181.0652,1
1970-01-01 01:01:14,6123.587286405941,789.8302931887457,622.8379784056466,2869.880456558416,7955.305978853912,7179.650953348101,-8180.467481702971,2152.8116470660734,1800.6459287628663,-236.6014605809901,1699.7189786144863,1531.317577004486,61.43298581316832,179.3417870005591,135.84632164115678,-131.40313774970298,743.8880549946753,646.9856036042779,173.6192593029703,26.562242184508698,22.45693401476326,93.38143464019802,203.84674350759715,184.98781493960985,-1176.431377640594,206.99814300771075,178.03608988277617,13136.79378,1
1970-01-01 01:01:16,6816.024550749999,941.0996669899556,762.980568255,4073.641395847,7625.797216334861,6763.84937489442,-8270.7948196,1938.3557745640487,1620.564025492,-222.6462429563,1563.3197927115243,1403.899626310944,-8.597569028600002,228.61641856299448,187.628752173488,-103.412192795,958.4814372679912,849.7111467033999,162.6879784552,40.02932372710932,35.105547237904,133.3913250532,194.53946648026331,172.42445488854398,-1167.113753057,192.2432301546304,166.06608232704002,13681.62415,1
1970-01-01 01:01:18,6987.2601607100005,712.5026781474621,506.4041397558,4323.97797019,7612.917976849941,6854.782358567201,-8145.63485526,1829.9454511744575,1459.8888601524002,-88.322751663,1500.5007178547532,1367.97926585596,38.7598053752,273.80305265562987,230.08692711819995,-128.4308689641,716.0579186495739,647.6153408700541,159.0425426055,31.297053452089035,26.37680910461,134.1986476024,203.60926707773243,184.14944166136,-1144.625242405,203.7006830618268,184.8742009302001,13738.18489,1
1970-01-01 01:01:20,7362.35719936,1214.3094103732274,981.5237816368,4735.288002772,7387.492555195737,6625.3948890336,-8352.10135532,1998.2112198371665,1631.5516018632002,167.8398615444,1468.6144333160712,1311.9354337778238,53.9075068539,288.0804498267104,215.12482660311,51.0693935512,865.2990584620311,769.0857577497278,158.2185742303,39.99523140067084,33.787697208488,151.3355252652,206.2283624622718,186.294922157672,-1142.968982761,193.4125925465795,174.42028940768003,14047.72941,1
1970-01-01 01:01:22,6837.15642657,1456.02866421996,1245.9137607357998,3406.0688751019,7258.8587625191985,6411.5692691319855,-8309.95412487,1764.4937888661452,1407.0964573282004,379.200234649,1657.1386179310186,1513.7094757670402,-18.1605959488,335.4302426294987,265.76858638954405,121.1483201766,913.0084463276932,815.9317724177401,151.4187543903,40.661093532022335,34.108628732536,116.237801564,185.3752161870322,166.03112611672,-1182.8690272,195.7731078587685,165.79475542800003,13265.63313,1
1970-01-01 01:01:24,5895.92652964,1396.5315633422888,1060.2415589336,1972.954825875,8430.974534088598,7720.475495545001,-8182.16412001,1976.5697350296264,1671.4729531291998,162.1386662046,1507.1140012034823,1315.937756139584,27.3574147095,361.5059829423867,305.68427791174,-113.7991880992,802.350892118704,671.9022665466879,179.5751687364,44.053760491776096,36.653442588688,81.14840077390001,201.79562447097305,185.950520010656,-1173.572333487,205.3856270349999,175.65840593716007,13141.28984,1
1970-01-01 01:01:26,6572.787421180001,1642.2943422390576,1424.2927604327997,2848.566877389,8036.526347239912,7244.196804731002,-7779.293521,1642.123873978104,1354.45353362,-188.9301228222,1587.7022437712571,1407.9538836446916,122.5632153698,374.3111755970375,322.71761853918,-223.062388641,946.3913148739632,821.14657668736,165.6592583666,45.57863046783174,38.550400894736,99.4588091551,194.2976031349665,176.30426396420597,-1177.251060931,204.54033479766127,175.78741102969994,13066.0908,1
1970-01-01 01:01:28,6627.51057349,1268.233846745172,1014.7671603084,4489.187791065,7536.914582922443,6635.873103327198,-8447.66504145,1601.3287604446043,1292.8673073560003,-182.4715424053,1628.0655712462133,1480.3226100920645,-0.4161456485000019,362.941846908728,302.84583169437,-287.8645885085,819.4692587761218,729.4761830296699,158.21857423359998,47.02700595677398,38.345324318432006,137.8357605368,194.0928528956036,172.171604794048,-1148.187449139,203.1858352019796,175.38042063320006,13724.29347,1
1970-01-01 01:01:30,6980.77661157,1491.85129406647,1161.0140566502,5416.1272467682,8067.602340441937,7220.569386768887,-7568.54072048,1649.1838222857266,1352.7753014112,-9.54638109110001,1533.2480269264022,1318.276494606812,51.2025601598,288.2910426813221,229.330873710584,-112.3926158028,886.2629212911784,755.9695128631442,168.92184022050003,48.66094369601844,40.11710601309,167.8897990241,214.41334485340423,195.421329068526,-1096.577066236,233.9342768464905,217.53264532040004,13980.61835,1
1970-01-01 01:01:32,6914.193308360001,1313.5688452054112,1065.8768367488,5455.1533854143,7392.921002047498,6584.582320551127,-7817.09619145,1633.5730402650242,1387.221840628,247.8729920149,1490.2786021547402,1333.037014216504,-36.4044210187,363.92981195326666,309.21785381463,-28.148091419499988,800.2068219423339,715.3953124786701,151.9098062567,38.70499893142,30.908635186228004,177.9105861533,192.44755662987876,173.21513161417204,-1108.312373474,225.45555822719496,202.87000322808,13777.69612,1
1970-01-01 01:01:34,5926.82950522,1137.2928876858734,836.2080528291999,4292.0429532559,7404.996135715261,6493.145467538511,-8628.621813900001,1843.2881959210356,1509.1406962180004,337.3526285919,1746.0546794247418,1576.306935977938,6.250507589399999,310.33029052048033,248.747230758576,-12.908837914100005,682.1996119154111,573.7899382533,175.12241033400002,36.19823872447383,29.76423466532,133.8740540012,194.47789942910683,172.84942281872804,-1151.516614359,220.8938764822221,190.4989919532999,13408.85557,1
1970-01-01 01:01:36,4455.904462578,1814.8441963496416,1540.9240692864005,5878.9228181232,8795.724179356635,8015.889298607231,-5944.923517810001,2654.0049380743308,2190.1685370652,-549.8199490749,1124.3688380214764,887.2694563510761,58.7930567275,188.0434580360221,153.122288207,-276.7618226748,452.1500368022415,354.04656082464805,155.2140026749,69.57281135088918,54.932390348614,214.5397258311,260.9359089436519,236.28416807268,-926.839580579,354.3771098623744,332.46042040258,13088.99704,1
1970-01-01 01:01:38,3830.354329007,1723.614876709515,1476.07159905314,10642.18413156,3877.247258348692,3564.6396750272,-5637.991136012,3435.9066233202543,3202.37690114872,176.6871179586,383.8405846315846,292.709023159604,-156.1877834782,526.2537588534782,432.5970475569281,236.628736662,480.05444863624143,393.44323548860007,129.2798060841,74.27641267325511,66.58679882803399,385.334221447,134.59449486929702,122.32518005110002,-692.374801243,238.76160756462517,221.98390556953996,13566.45407,0
1970-01-01 01:01:40,8743.49465769,1379.6122093856072,1117.370199539,5970.27511065,2309.1148371880686,1952.1392207,-7616.280949039999,1771.313781650847,1219.5730731199997,232.8917487784,366.3630598806882,296.99648851544,149.7458488925,475.9250707609799,349.9511882943001,-70.6698534305,421.8855591368579,316.83731411304007,165.584352147,22.54301693877602,18.592555134540003,196.903473392,67.03764064912767,62.01435693496,-1124.908261811,119.15160169131664,110.79028859766,13365.67089,0
1970-01-01 01:01:42,9879.27264358,2004.1494747089848,1313.1229468855995,4078.510300088,1799.0826901466278,1113.40233404192,-2704.905077971,7776.1866972746,6676.5783065777005,-143.8615494742,599.9081869813115,385.756193142964,653.1572356569,1266.7517062960396,911.9385702213082,-176.3125868748,442.1668042643083,264.33238453712,68.1896253833,111.43227319881731,99.34794795430798,122.3468196333,41.99267422887572,32.625818567354,-1140.963160794,229.03288220594317,195.2239096084,13584.15871,0
1970-01-01 01:01:44,5700.554472225,2351.222817997943,1786.7379726749998,6750.38173658,1965.024201557473,1454.7452999220002,10666.63684968,3209.238132328728,2332.7689988432,40.7739502914,504.683442396453,342.3119194467961,-53.01695517469999,703.608536179071,500.5799318206881,-51.4106329839,262.1435008304257,198.974713496002,0.8822287674,12.408656268504847,9.970849654199998,245.64245133,14.65878393353398,11.3627736038,-679.8072027600001,94.11717318131332,77.36313998400004,14181.23024,0
1970-01-01 01:01:46,6933.8769974,527.3772668009385,215.58092222000016,7565.28646163,353.37589051000145,194.7073895741998,9518.3828172,1566.623961186477,716.9816594039996,-79.85834927709999,307.6656591375984,157.942253523664,105.7925458825,334.96661262239746,176.4607347415,9.6046414881,40.14539022057638,22.933287122616,9.3632770125,7.511958967575125,6.03827330895,256.079384111,7.608678122789434,5.802069039239993,-762.653477763,36.50964814725475,21.659548530399988,14064.16296,0
1970-01-01 01:01:48,6162.858992153,1058.5878017939383,606.0929942521399,7187.950559516999,1364.7880185451058,711.5497938114391,10092.03958884,2762.498923828636,1087.4388406176,86.0422735611,479.60938315715407,234.69049670811404,-66.41684493550001,266.65476965289656,146.12704635927,-4.0865502339000015,102.4479823049969,43.32409081026,2.8963736892,7.458775519072882,5.561037483264,252.084385916,8.076539957773026,5.691540752879989,-724.850807377,58.44985125268366,38.95006716142001,14007.67091,0
1970-01-01 01:01:50,6729.19044680198,138.49017100541067,121.24234683776096,7440.651170544555,63.881262240077774,49.00099675345542,9692.748996217822,83.98582326638942,65.10800750965588,3.716469027623762,4.796431024011151,3.2048232399960788,-3.502215824257426,9.301067858752049,7.114577050093128,0.0824050782178218,10.52412833652042,7.153576681170474,1.3184812514851485,6.456850521624583,4.949200044250564,250.3631086435644,6.887141648157946,5.60517710751887,-753.2813010039605,15.146904570822835,12.660520411528262,13950.6725,0
1970-01-01 01:01:52,7203.24807337,2651.502653067058,2101.1286831802004,6436.791024403199,2334.3090962449346,1670.7951351229449,7878.6607778771,5258.783501860306,4094.424708151724,-14.157274845199998,229.83083984512183,160.25901955743203,-455.96246029660006,1145.3544026028355,813.933607445768,5.135237287499997,676.5880783392723,409.8904765896999,4.494372965999999,30.33636623182233,22.49183982096,241.689067706,33.32125098700909,26.042893835240008,-795.753702382,138.87293282760177,108.59237379028002,13739.81821,0
1970-01-01 01:01:54,8580.18246084,1502.961587181146,1146.3429253072,4519.24182981,2757.0060735332977,2396.525508024401,-8576.57863923,2404.0644796933634,1791.1328034963994,76.73725694230001,327.9368934180124,251.5184278545,-255.9711862308,563.3791500780367,379.525660514136,80.873744656,430.8355000462492,322.23605479332,139.9913949739,26.38017142190429,17.847654428968,215.688287813,23.752727603321414,19.19596630848,-1191.69963778,63.86600075792055,53.38932228839996,13482.1701,0
1970-01-01 01:01:56,8949.04563741,1223.4044473833817,994.3850124952002,7710.046885649999,2023.8173331861733,1612.2754028380004,-2693.103187431,5633.242801296894,5071.281998997279,-102.2136933288,237.8012002991312,179.732638246416,524.1187940399,582.3500511213608,492.859764219686,-149.7624947232,233.9959558266342,193.5566636552641,107.606940887,64.31005740760546,58.553356835600006,255.996154981,17.51478111216075,13.38723893536,-1060.339103446,75.3934507605065,60.14136854995997,13522.5507,0
1970-01-01 01:01:58,9895.40244859,445.2272006333732,336.4970329388003,8563.02061424,374.1675074894195,302.6817038928,3886.36753284,928.1243104114928,528.6860757208003,-0.0499374766999999,84.95005428685268,48.87181163232199,3.3458109849000044,285.9549164841631,144.677860780846,10.395318213,109.73203247630036,61.51914361797999,15.4223576037,7.593558411952328,5.8471792287660005,261.838839834,8.440619028060864,6.781509422120013,-994.912685227,18.93630870808345,15.201467564779996,13684.06894,0
1970-01-01 01:02:00,8638.45949686,2587.1182407588685,2047.3075682700005,8750.219571360001,1718.7875759499725,979.4798408704004,1703.5338123497,3316.869054249794,3048.283495445389,-138.9759996084,261.28794659920663,214.675888682288,-399.8493815284,636.361880076739,494.873076849824,-194.1985266978,306.47672389136176,262.112497213408,71.0527074284,78.02327847615989,68.926869015856,273.832157323,23.49657074607791,16.20837350312,-966.040500346,99.36689667571537,63.981560645320045,13134.44872,0
1970-01-01 01:02:02,4015.364359893,1816.1308811035544,1316.82447925482,10290.74081138,4979.212571427984,4054.3247471788,-6764.588948838,4060.1599167328286,3407.325468471721,343.15369888450005,627.5926151266339,530.5407536671901,33.5579848076,389.8695084736455,279.385537734232,162.7212701106,370.1809005264302,303.46405767436795,159.1340946599,59.80400040445735,47.27081611093202,345.792062265,125.23766509548032,108.0160952872,-898.824655757,328.1010762860609,290.18601535276,14187.3004,0
1970-01-01 01:02:04,5892.5890415700005,603.899861223185,495.8425297870001,2933.660339283,7747.677325643552,6771.844864697381,-7700.9332962,2276.9219626648087,1937.430303296,152.9834620347,1440.9813192491413,1196.4342100313818,33.133516257000004,238.33417753762083,197.44845772856,50.46182090679999,670.2588557890685,561.715555575536,173.399567368,31.005982139385733,25.84031414344,113.657698564,213.8491276355697,193.12420510648,-1182.552756558,158.15519858230277,135.55095458576,12641.10421,0
1970-01-01 01:02:06,7611.54521158,1627.831597397986,1319.2018362084,4101.980914554,7839.071374310629,6902.90976900628,-8185.9177535,3127.877168058859,2632.3209543700004,-281.0564457004,1765.142312034434,1528.8481885075678,150.8195046599,187.8232247525979,152.680341526902,-191.0191739426,966.0988428805404,852.9054806788799,146.3584233474,34.79600919682887,27.886751958184,116.9702179031,203.65411894047352,180.385487532404,-1161.329328673,169.79291323237064,153.64030636624005,14251.32493,1
1970-01-01 01:02:08,8186.22570146,1659.2310916525098,1383.1239711863998,3969.604984997,7265.349777367145,6479.921524503419,-7850.61256164,1498.401929588826,1202.1472238264,255.3136761039,1504.0969090429712,1355.110710891632,41.6228874137,342.67073008663806,280.22332214513006,159.8415422457,959.1394805359488,851.873439482472,140.3159885878,38.3407531169767,32.789946411224,138.2019687058,182.444605564168,162.032965215388,-1169.435845807,178.56133324443735,157.31037804002,13902.26332,1
1970-01-01 01:02:10,7412.78572854,977.8539203352786,718.6948480828,1768.818740996,7949.218046657383,7099.82289672376,-7173.59353476,2462.5842866652174,2177.9058902088,255.1305720089,1642.451982420312,1435.383541228388,-8.6475064987,246.3187653718841,193.9821309683,150.7778901017,919.2994967201836,800.506418530198,144.4441533836,33.78927763717187,28.929612950728007,61.589555459900005,209.03431026913947,187.61510259549195,-1220.022510383,184.10757420638205,154.81483579912003,13026.51019,1
1970-01-01 01:02:12,6826.428191870001,1310.4470736044354,1132.8454908385995,2277.115677594,7624.873481164534,6864.504852317879,-7743.06388124,2027.6890369729635,1699.7607031464,-233.0249154025,1612.722494295881,1411.4847962232002,79.53375567910001,340.3719419974125,253.287546216066,-181.0400014162,723.6189727363139,622.286885883152,161.34798948,45.584325556534985,37.68415211080001,90.1121779693,194.6822042841408,177.10459527624403,-1196.759968873,198.45796032720733,172.29694792255998,12902.1934,1
1970-01-01 01:02:14,7407.04291875,1434.7426359860326,1146.71229608,5971.215599902,7154.237101234011,6243.15579266152,-8192.15993854,1655.8075190513462,1326.6989497352,-257.01987332,1564.7321022791907,1354.3150404315998,-11.935057099600003,404.0963446973128,309.80578437705606,-291.1604619717,939.4482663557492,811.8808442454321,147.0325792927,41.55621612934572,34.51245646744601,181.3479491771,174.45719760364332,153.52894572610597,-1119.107191462,205.95100705433777,186.80694775180004,14222.58267,1
1970-01-01 01:02:16,7174.55899269,1267.7091601293075,1062.8859148472,4699.582706275,7340.602753095416,6297.13920415,-8414.86444167,2640.584084677198,2153.9239160092,475.1717432886,1637.9133094131928,1473.8254113180842,64.9353664451,302.6308114453839,253.999321718904,124.0613397225,1027.3500097967983,911.86799193435,143.1124873261,33.92423089433488,27.577139605812,153.6076804827,186.0018664992216,164.43812058537603,-1164.084212801,187.21785260137472,165.33133561084,13992.7661,1
1970-01-01 01:02:18,7002.690841240001,1453.1584979132,1271.6287317656,1654.8530950560005,8460.741319913677,7693.170016086241,-6641.04362986,2861.2103095768807,2501.3459375023995,160.04129215269998,1585.5771170511182,1421.573664806246,106.4916705565,194.0766469906509,167.53274605637,64.9520122729,1083.2381049441508,959.5319824235,146.98264181759998,33.53644568122176,29.143511811695998,69.1051458084,203.63903661767583,185.29550677144005,-1199.531498867,195.22961523401077,166.84377537556,12881.08764,1
1970-01-01 01:02:20,7302.86501791,839.0125044020107,695.48757073,3993.2420576107,7798.097780961506,6914.493765788229,-7418.178976069999,2447.996428993975,2002.9968792602,-401.821911866,1752.119919241851,1577.0784700154395,33.1501620757,334.2126417337181,278.395277556354,-305.509163853,1014.370108761868,901.27292377664,134.8561577208,37.938493500081705,32.984702572032006,124.0446938663,189.28844714362677,168.17078056572197,-1170.867386894,204.8790129161005,176.64883258932002,13461.73913,1
1970-01-01 01:02:22,7495.407284979999,950.7005556540984,776.6734245588,6251.4563999831,8183.267380185517,7250.712979840618,-7296.364822849,2633.502901000957,2034.38957508536,59.400629335600016,1626.5915346004615,1465.7293810291117,49.4048109758,310.1525011106453,266.11215623943207,-206.2833962416,1009.5373896334744,881.157608511568,141.722560861,36.50409468098561,28.479010450119997,172.95013006739998,200.34933881756308,179.44200212912,-1083.884624107,242.827703693122,226.40337239085991,14527.06092,1
1970-01-01 01:02:24,7293.69316787,953.0465834670064,724.3449407126,4839.316091201001,7830.612297332896,6848.37238407488,-7253.5933734,2394.3526008507943,1848.355659432,470.6024641487,1770.4222332112506,1619.202396769404,173.6991922234,313.8543524672703,244.232549888132,163.92809248109998,1115.9838589657843,1007.8927672055464,134.02386643260002,32.75227338396235,25.993455734704,137.3114170255,188.36213028013543,168.22438011995,-1150.25153159,224.7876825841763,195.558490712,13662.89041,1
1970-01-01 01:02:26,6639.05445374,741.3977201625354,633.4342624808,2208.8844376724,9143.013367945714,8399.116824554496,-6455.19298478,3101.0747048827534,2739.1227367796005,157.65261619720002,1667.211264399854,1476.8895749110245,-13.8493270655,318.327683366735,239.64928821169005,1.2983743866999935,956.220615039304,840.1314739627,151.6767646945,38.0555496558346,30.29606879394,67.2574591471,222.5853134935838,205.011988055184,-1171.916073871,221.7338959110499,190.2977439451201,13159.45113,1
1970-01-01 01:02:28,3796.509080124159,2568.620554985669,2174.4210039784057,10835.122354828316,6664.754921053136,4795.1080960111485,-3365.6788501500987,2446.395738891978,2061.2049117563533,-675.9194135761386,867.6604826427323,736.9809238180453,79.84228028386138,354.61825699950145,236.9080727461229,-543.3873262828713,692.640785245549,569.2965435408686,161.29970011049505,39.64940312584721,30.814603900707777,394.0775650539604,228.74443477234672,176.49535970555826,-595.2942850683169,420.7994538263774,364.4296865354573,13952.2426,0
1970-01-01 01:02:30,6144.382125531,2269.2633918469983,1918.24265981908,9788.21997642,2882.060333185548,2258.9605748796,-5128.7703559582,2469.257268166648,2053.854870925144,84.7355762299,471.7328219567413,297.77767711247395,-292.9748569855,416.3485147894238,321.07367676734,334.6227131477,333.82525543524133,269.0364949123921,161.089979183,18.7955510048026,15.616281473980004,318.825824465,27.581728680855413,21.29683598790002,-757.343459338,161.77109031964835,116.68557427272002,13303.26463,0
1970-01-01 01:02:32,8948.11347117,2113.8441811111675,1665.7611044039995,7721.2328806547,3143.7010174499783,2301.6136725357965,-5316.44371897,1782.649943527451,1496.6987734372,216.5122561801,343.4372773941901,257.593488420328,128.8553375223,942.4091708340482,595.227431448808,104.7438588435,341.5066125177001,271.43182924146,144.469122124,44.25059712591228,39.51619170064,259.425195094,45.468361472432434,38.651607503200005,-951.533663107,146.8860980548609,134.92407267355998,13511.57277,0
1970-01-01 01:02:34,9566.93036841,1137.4552941104012,938.7278630182,2884.9380068165,1353.1249250723013,1117.6173900235,-8605.65889699,947.5469649514164,730.6372292907998,-8.8222876735,243.89871744861617,191.94634646829,41.8642518859,293.91426176709484,243.042373345408,-133.5577833099,205.03303085968847,174.374346923704,137.369677416,27.91762167524868,22.979562516,162.871082537,16.762148222757844,14.060229677820008,-1230.10155789,27.84235052562145,21.980812909999987,13319.92621,0
1970-01-01 01:02:36,8448.94677017,1106.328730941506,850.6671165734,5591.765677695799,2867.7135046723715,1914.319238648468,-8111.477620683,2475.394442059549,1598.89948302968,32.525943611900004,297.7972798537021,215.43693583889,35.7552338167,584.2630835540085,437.995621791306,93.3830827301,423.3139947113368,309.675614013298,168.5140174936,30.87917611555811,23.55351059844801,191.193955148,28.754400259889223,24.02192412615999,-1204.22562169,33.41129491394149,28.78462774239999,13436.72154,0
1970-01-01 01:02:38,9952.45601679,646.9708071207109,484.0489623206,3488.59055659,454.6973625228858,354.8340747972,-8186.83327408,616.4739163666882,428.67995182400017,-8.988745930099999,172.5667959074396,131.90152364109997,-20.9404488571,241.2245506277772,176.19606609349998,-39.1593051977,198.4548674894089,124.65226650817996,135.1141680162,11.107439584654063,8.683128560504,158.235220055,13.552221582766943,11.002225013800008,-1255.6362547,19.166033206103783,15.97749604600004,13378.72208,0
1970-01-01 01:02:40,9155.27909625,755.3352468350707,557.9780683199999,4044.46126336,1048.2975246781978,793.8670644864001,-8735.23832799,503.83577177133503,376.337984929,-40.0415339684,253.99773831790665,183.20312646676004,-7.5322361744,191.279648742148,132.75462221396,3.6204671092,205.18248182988484,140.564011386896,147.049225119,13.715729488049965,11.098104972519998,202.42156465,22.69056382887951,19.903580369,-1210.69252504,25.68548030935518,20.403621004,13347.69887,0
1970-01-01 01:02:42,5421.212546563,2472.0615782994046,1887.2537916733,9915.893460075,5902.075740893836,5305.315984125,-4433.8154517413,2812.1444442526345,2334.6396567438737,67.2574591517,831.4189000244965,648.6358964584321,109.9956168896,446.7528343975754,328.9794452877759,-40.840533626500005,768.9442442568421,607.71180082184,128.1811815716,34.34569878803047,28.004770862648005,360.706722177,125.27260369980316,111.49756974578004,-773.9143789020001,385.64163406749975,344.81561809376,13576.88192,0
1970-01-01 01:02:44,5187.37198569,1258.24162937782,887.8490640087999,7838.144837923,2063.666795782949,1600.9880346108594,-8966.76511904,1205.1563368622303,965.3343843095996,-148.9551721772,299.2366178811934,234.96914783136,-56.1380475195,417.3560602161658,302.98648893709,-43.7369072864,226.150787535344,141.003461193408,155.030898584,18.245274070591293,14.095685279200008,296.295699243,48.830335029268966,39.6337112324,-1048.029515343,78.58895405631097,59.62651315361991,13208.17737,0
1970-01-01 01:02:46,4728.28011015,179.1608186344231,146.37407046299998,9474.87062859,221.7260653534952,179.58582202939914,-8140.06682653,380.7954685152488,297.4312774571999,-30.6616111252,84.65780035656765,62.46179673323999,-5.1435601709,71.67214113130004,50.29003598891799,-15.3890659525,33.38997214986555,23.5601689213,153.541097182,8.463368593973968,6.535817033519997,341.156199776,9.260072998276696,7.50560286072001,-971.059216809,24.122051293201125,20.012111187180007,13361.93487,0
1970-01-01 01:02:48,4307.49027972,129.71545145892097,102.17074708879994,9972.47262232,169.09111604877975,138.0463303447999,-7713.450957120001,166.2303507234967,137.63101685599975,-11.2525782408,17.301874866158514,13.981827838968,2.3637072636000003,22.12551202746596,17.608620364272,-15.8218574229,11.799762586713246,8.76485957499,158.63471987,7.407491654896842,5.712847400800004,351.842819944,8.377062665664742,6.8154669052800045,-932.191213536,16.525784727584636,12.639009088960028,13325.31983,0
1970-01-01 01:02:50,4025.43508446,94.10743062540176,70.53901725840002,10368.15222473,144.0903017714114,120.4372102808001,-7381.7662322,154.1319403566593,132.18583433200004,-10.0374329574,17.681234538296835,13.119906979044002,6.2837992395,30.897733174015418,24.181391139659997,-7.2908717004,15.890170933384724,13.262728164408005,166.28347681300002,6.013728181262858,4.7628701482200055,360.340514018,9.509744046172187,7.147717603520014,-907.363964352,17.07452603571696,13.190152346080026,13350.55598,0
1970-01-01 01:02:52,4348.31416747,337.75222302889705,257.4125482946,9591.19998224,555.3876819936048,446.5176187287999,-8218.734999209999,571.6089935395012,442.14942113320006,83.11260821879999,189.02903712844304,143.07087275400002,13.2334315116,108.70301520513247,88.52583077213599,26.3004047652,61.48642677764719,50.38358553295199,162.563134758,8.904436402950484,6.660993644080006,342.62103244700006,13.53927683977574,10.780169711580006,-958.133733049,41.87921549793592,35.868425442020005,13376.8713,0
1970-01-01 01:02:54,4258.60148939,247.05198778849737,204.547236568,9168.03812173,381.1787492518196,276.25179456179995,-8554.00689959,337.88220932817444,249.91976272080004,-40.207992221,107.73882298137734,73.35948597016001,-22.8297500854,86.94465870089041,66.051968440448,-14.689941269400002,46.85870443458675,35.55132245254,156.420825039,7.787681556758921,6.053420998419995,347.02385337400005,11.84526339110048,8.998733419039997,-1005.724149061,32.83470252933082,24.997036717299967,13249.13636,0
1970-01-01 01:02:56,4283.89482169,882.3127610045682,684.6915874094002,3671.195265635,7743.885970378084,6943.5915014126,-8220.61597757,3648.4107295718895,2540.895420936,310.1450263172,1536.319635186295,1146.745587690648,14.4319309681,230.62157321403225,166.392673449358,31.5355169757,443.96106457241774,321.877503708158,184.127802089,30.138250172891837,25.7502602337,155.2223255901,230.48549700670907,210.74447754568203,-1115.120516169,158.62071761386687,150.21958910114,12872.74851,0
1970-01-01 01:02:58,6185.131107110001,1862.993032681019,1559.1071371058,4366.591283949,8007.629293079544,6938.99425686528,-9151.7335351061,4391.566758975368,3552.730751813583,-251.8346985472,2043.532884025719,1770.3298492023036,45.5180106507,237.5563844428646,204.923598723886,-196.3624840535,757.4725038415326,668.96111559608,163.3371656642,42.79732768685061,33.53301607834399,134.0904497332,214.34809450807737,188.63898733882405,-1132.332300045,179.12479019312272,161.3896040487,14585.32205,1
1970-01-01 01:03:00,6344.20694138,1343.5460081539302,1129.1649323384,4165.6345521557,7311.696157755761,6372.668972982501,-9094.580092731,3350.2490243873262,2577.3337995619795,442.60418508020007,1811.9793594443545,1656.7918341485718,82.5549730572,218.6910108095858,182.842910795856,141.48119637829998,869.2764577450695,783.029133764738,139.8332596334,20.412784248622724,16.688106203271996,155.0974818946,178.82688148686222,157.038385181832,-1159.148725448,197.78393276516508,170.69495359136,13962.24328,1
1970-01-01 01:03:02,6082.293195220001,1302.7102195637683,1159.3030321892002,1331.807553701,8142.995445764116,7470.974042613021,-7590.74625205,3642.758017002576,3200.015191221,148.1395267279,1623.0847928518,1443.5847731144258,75.93825730089999,330.9896102854225,226.36458756291609,-9.662901881899998,759.9289388215135,683.4599627760518,155.6301483202,30.19499368609392,24.011770173396,84.3194305907,213.01361593143835,194.27027021071405,-1194.712532256,175.18297818210286,150.99012440720008,12930.32175,1
1970-01-01 01:03:04,5994.483250415841,1286.9582343051975,1074.6586583852563,2505.963150126633,7425.590331136595,6727.652735372047,-9049.544398534654,3302.6713668378666,2775.220600769336,-468.3080594460396,1933.462062919737,1764.9898226677583,-40.82347574930693,240.7957329725922,187.7347596657112,-239.04889140405945,580.4807902576567,529.5976931242113,168.18876464356435,41.09541943927436,34.13202022860504,95.9442325718812,193.53688403104547,173.05572279386732,-1193.2420136158416,170.44679162879876,144.31756370238213,13439.6301,1
1970-01-01 01:03:06,5776.55931278,880.9593782784792,664.950803204,5210.542975601,7368.87646124313,6475.38803390678,-9841.478296,2920.943869802362,2344.4893247600003,8.580923152300004,1738.291381275545,1553.8359034742084,-39.6337112356,229.40386519356076,175.490615999512,-42.80474104459999,408.8281047484607,325.524604138492,162.488228551,39.98112028931218,32.67359209437999,172.5173385913,186.4157991548756,165.71252500844002,-1090.917485476,207.16009623357616,190.811101144,14463.12365,1
1970-01-01 01:03:08,5077.43462923,573.1495551927609,471.90416770840005,3809.863317367001,7336.45354157239,6388.024081470981,-9277.09324944,2687.326277452556,2107.9466470575994,416.9779362895,1822.282506562274,1633.65463567397,76.0963926469,371.4059313395967,280.492818061224,114.6065106342,535.8406462129831,499.278228213064,171.676724388,21.70538905436976,17.86163692152,145.3679967139,175.4656889389684,155.011922352988,-1165.45749343,193.82469335769773,166.2468560526,13356.96962,1
1970-01-01 01:03:10,4792.0086542300005,868.7015112789904,702.2827296792,1683.9999358089,8999.129602979716,8279.7253050111,-8143.437606150001,3272.004625594826,2933.489885663,143.5785704545,1731.0440807393647,1494.49536554841,17.120231834699997,359.24406391356723,255.85915983493405,-8.014965125700005,551.1097124838577,492.59409686467,189.679184992,38.11881626508991,32.75399142952,84.502534675,213.50064609950903,196.02174399970005,-1170.83409518,203.6479586098404,174.68728852959993,13162.44303,1
1970-01-01 01:03:12,4994.38860428,1356.86934166931,1139.2025317343998,2810.173280199,9082.781806094492,8232.75311497304,-7714.041884099,3496.433769975065,2987.89310540318,-328.9714553021,1990.2320507058173,1788.0859515978157,153.441222224,350.54073675921813,288.24511205248,-208.5222598013,971.588267475846,851.092084398674,180.640501583,39.06012662487875,32.809588484660004,92.7838330075,210.63919968303676,189.67918499250004,-1164.799983259,222.0280773442282,190.38396923811996,13181.16595,1
1970-01-01 01:03:14,6050.52463671,1373.4083632371014,1187.5058884215998,5916.101270199,9316.772740045471,8226.9064348812,-8005.98469962,2625.211020207934,2186.7504832120003,-281.4642684382,1910.2833563423471,1691.3097837262724,22.979562513600005,364.6321718601105,297.592242614728,-266.0918483423,1050.5302798045004,927.092763590546,170.85275601599997,42.10500965129948,34.832389240640005,157.5444182903,205.64842633961055,184.866710295446,-1084.600394599,248.9657923335832,224.34578182912,14639.97483,1
1970-01-01 01:03:16,5403.16014848,995.7744681562688,828.4664121031997,5672.206630692,9585.78260892328,8507.49796300344,-7671.719871843999,3175.196028249867,2525.8590800552806,138.0355104735,1897.2873762281924,1644.1007236962105,54.11557967270001,295.97835415297607,239.66826445637,-35.5055464234,952.1027952453884,807.1331218142758,178.6180337544,41.13851078941653,34.219157017776,151.884837519,221.1094893105931,199.90937661796005,-1054.171825028,273.7750132436642,251.8771454092,14420.02103,1
1970-01-01 01:03:18,5484.658111600001,1047.221732546335,874.502440916,5791.157701891901,8752.459692535143,7665.035906921071,-7649.02328824,2328.344360515304,1803.5559161776,408.7299296302,1927.181924997471,1727.601512493572,111.0692726529,304.5201788377641,262.19256363381,135.33056378970002,1059.672617521919,915.197489986154,165.218143978,34.97914471136267,29.64738096492,161.5893539546,194.09669146872417,171.675892101756,-1112.606996492,259.7287408693817,224.76858578960008,13803.62363,1
1970-01-01 01:03:20,3738.011610434,1557.480600868712,1374.3005182773195,7861.041171303001,9449.811041994872,8262.96895072186,-4300.507355842,2367.134757226117,2123.34253777272,-503.6860428576,1440.940276216552,1172.549613911984,149.8540467672,331.9855992193825,263.309498550768,-302.8708004358,898.4616259865795,724.8324969816558,197.610920991,51.40415093913432,44.81905242374001,277.3610723962,282.859272486103,242.879244256864,-862.078995252,365.24505237043377,341.59914517136,13409.93293,1
1970-01-01 01:03:22,5115.420403688,3578.9689988240425,3004.7779651496003,10806.511724115,4790.592840252634,4165.9524876266005,1466.5222218789995,5542.136471334447,4675.677469749539,-44.5608756755,648.7111794315437,446.72535866672,353.0579652287,1239.608106273965,865.6661707187802,381.2643170116,770.7416538699075,610.10780093104,76.1712988587,115.5261617857073,108.685923310734,452.142243302,213.6343810111572,203.74906925012004,-593.040835784,198.16663975857304,187.581810936,14258.68404,0
1970-01-01 01:03:24,13099.39099905,1264.8475728093526,821.6412914159997,1917.815527899,1013.5347378004324,703.6197223729203,1812.9884399058,2861.614116661264,2407.0118788097084,-141.8640503831,239.47762739145105,171.56769423256202,-263.603297358,459.544820793386,360.83090002088,67.041063412,286.7519239602122,203.70911926968,-49.1967381536,33.59083482720249,28.159909966192004,151.56024390599998,25.05727539862511,21.35825908612,-1028.811909409,92.87674408617492,74.27766972286001,13695.10803,0
1970-01-01 01:03:26,13259.5071973,420.9124272523176,260.321073284,2383.8653586765,1412.5248545886236,1027.3497400658405,398.9338611081,1522.757460463164,1078.3445602717882,-83.19583735119998,161.91050097079528,132.85499654523198,-54.223777536300005,405.315325644446,265.794720338146,102.2136933301,239.6625153428224,183.9948019465419,-18.410283334800003,18.87019409999341,16.045244405136,178.809460748,16.699007491110503,12.26064945464002,-1036.968363988,30.71587368991041,23.027169576079988,13629.88662,0
1970-01-01 01:03:28,12593.0333007,344.4830377860086,280.37296828600006,-1636.301321975,478.652409091252,383.0357658470001,-4122.28049903,728.7433744141008,607.9471727499999,-25.3432697821,59.29302907485342,48.21546672287799,-69.9124683586,181.63595628950293,150.528202707204,0.6242184690000001,90.12273181211567,75.25577844340002,4.7690290917,14.310900500016968,11.837679017670002,124.5274228064,10.830955822206333,8.647173592112004,-1122.6777211,19.558174544340925,15.870130251999983,13382.28285,0
1970-01-01 01:03:30,12737.4857764,927.9424975469924,728.8314904159997,1907.1372306756,2098.938794823229,1878.396880783328,-2195.0517566050003,2623.467832236246,2055.9033062429,334.0983696339,433.7586833400243,325.68490343830405,194.2151725155,521.4264272159865,430.3045844223601,-153.5410971776,255.15745535488747,220.09110872840003,-5.4764766882,35.28876603478819,31.086745514532,134.2652309053,43.327117898405206,36.250613589958,-1118.2332856,61.63638048706051,48.492619719999965,13492.69444,0
1970-01-01 01:03:32,8474.997487820001,4033.387117994638,3588.0633486912,-2224.548159856,4642.496081458856,4153.959170112639,-6494.8433420191,7043.132376508786,6330.392071281282,102.5715785831,1447.8522279877552,1153.391933053858,-325.35098818250003,931.0663386386876,617.3522308336501,239.3336833648,649.7723306682776,515.140368557792,102.9794013113,85.46436314312157,75.44487502263199,7.1327363541,103.83119651362098,84.56229319183402,-1299.04856837,54.649594641999045,48.820209515200006,13979.63733,0
1970-01-01 01:03:34,7614.53313727,1001.4415369912232,737.9300985391998,1235.38660757,1860.201062467036,1170.910665882,-10668.90068208,2171.3317177439926,1162.4352773023995,-252.8251251645,584.8012819523002,430.34420149246006,7.906767247999997,339.8764674322103,242.70446308764,-146.7912148184,236.463115703297,178.193232275072,159.69172981399998,14.193466112672144,10.831771753679998,140.2993427571,51.82278039212026,31.624239233497995,-1287.93747969,28.44647075631324,22.190217562400008,13406.47903,0
1970-01-01 01:03:36,9693.93801894,650.0451675722137,491.8005901255999,3940.83267481,1298.4827107327678,987.8112429567998,-7716.28907031,1375.7974465433506,1067.2001798494002,-56.3960578126,215.29261522651592,151.39711481604004,128.7221709174,499.520630988212,357.634235668776,-187.3071548153,340.64329139346177,256.921662893432,122.879486057,10.96880580726908,8.437436183880004,178.75120036299998,11.96017705046653,8.979257820339994,-1258.89883654,27.84531587294677,19.81252772559993,13134.14954,0
1970-01-01 01:03:38,7066.494291430001,1998.136152692668,1594.9515923785998,8736.02900445,2809.2988719320183,2490.71491417,-7145.77835981,1872.0262005852207,1434.1239516062,75.4222366975,396.5035751457536,318.84047278655004,56.4959327551,571.2717677953946,428.881699231598,52.91708022160001,536.2788623054807,464.311673624432,189.246393525,40.22119881967498,33.54300357049999,212.092789438,35.249459906186495,32.72303018848001,-1183.54318318,72.92851630130751,67.3068972564,13782.69272,0
1970-01-01 01:03:40,11386.181594534652,603.2664366099231,406.6400152224292,3574.79821719802,589.5596161451185,415.71044825115166,-5652.666985950495,477.4562977531264,387.35771648759936,-63.913378665346535,146.57650680604473,103.08842649590824,36.3406394970297,258.73943818054306,154.57185580225664,60.50180842673267,155.62096731997508,126.66998584845602,68.35501238108911,17.718878880528553,13.338200184621115,156.7674208029703,14.523702010751604,11.74329476741496,-1243.550313920792,23.943289914051256,19.07783617743358,13234.5708,0
1970-01-01 01:03:42,9058.00089006,2676.898540251481,2094.050711562,6925.495824019999,3099.9661771252127,2304.3482487648,-5329.20274449,2094.589873303812,1403.4312128308,-28.0815081245,341.4345508561029,246.66284045345,56.6041306371,527.7242376405443,388.33962529061006,-314.7475971374,368.9270964780764,326.396845405852,128.4142231296,39.25140054561562,34.55107477476801,239.516787446,41.452427679285805,31.399354120480005,-1071.624973359,90.55615443438327,77.76796651125997,13217.58558,0
1970-01-01 01:03:44,1906.795991168,874.8734267688869,601.8481421888,12653.56584641,847.8554727082382,515.7604259745999,-4821.18878684,1545.6939023376835,883.3809915087998,-29.0885805842,183.8278463984388,111.120874712112,-75.9715489506,177.7792520721162,125.106031716604,-51.0610706441,140.33305503759,107.71264188222202,195.438640727,16.67496411826879,12.740382143859993,644.409854204,102.98195140297332,88.12033845672002,-653.856360347,76.97735703063537,59.495677023340015,13795.88385,0
1970-01-01 01:03:46,3500.517290759,1137.141675405038,996.24002331064,10280.10412898,3128.232238797543,2688.9893382608007,-7118.004799457,2127.879723090872,1678.5883778247205,142.8211853653,375.26308043080894,309.24615171523004,-128.63061886789998,339.68717583645684,279.34608712130995,186.0920095333,240.01996329370155,210.64077405469808,155.147419364,20.850145659209268,16.449238595519994,415.246770407,128.29435731376603,104.59637683188,-903.019403842,200.39068423317343,184.06754421704005,13425.39017,0
1970-01-01 01:03:48,3857.57857708,831.3449992357845,601.402034072,8662.02998597,1535.8663471464076,1093.3585956778,-10210.72432698,1831.449861891626,1492.1163441932006,332.7583806221,831.893499976652,623.492210073834,127.5153485398,297.70703231721143,219.432599861344,123.6035794829,386.2694563027661,290.898123774892,164.585602588,9.572811807028325,7.436522681280007,317.1445960579,78.96343468370196,48.52924053262401,-1084.325738491,94.76102761373642,65.71206067666,14085.42489,0
1970-01-01 01:03:50,5722.077524961001,2290.8433177770244,1994.9577778091395,-1567.7205194745998,7934.100147612619,6974.324356415909,-5613.055688859,7662.319058461029,6756.30265688946,330.52783999,2088.879322450945,1889.9356007366,81.1067862075,572.1464791122074,484.1563277626501,176.32090977669998,990.5903625778658,848.6175159522322,161.9722079512,40.46178795174932,34.91994628108799,-63.2957526104,233.1554592459653,208.508943141552,-1204.924746336,114.21101285510402,99.50142241056,13293.09622,2
1970-01-01 01:03:52,5702.90985658,1828.9049669128517,1614.4873001072,658.334087749,8751.029221228708,7850.263498834059,-6611.7969142824,6221.327637651344,5417.201735049361,-513.2740385385,2056.3280924062474,1869.40613731088,-49.4797171847,630.0647171327967,542.065491152078,-310.6610469499,1222.0540486793068,1077.258586636112,142.3218105928,32.954505848753335,28.098153954912,4.1198418868,228.4569148998888,203.91802438607203,-1197.783687162,144.62775973531814,113.13735006884,13316.05623,2
1970-01-01 01:03:54,5595.57757183,1191.3495197538005,955.5885862806,4430.436349165,9126.18317561282,8121.235404042,-8606.6826152955,5181.339879281745,4380.53466018767,-339.7662733357,1859.6267089937476,1686.7797887243005,4.760706168400002,612.9742559354614,539.2688259386161,-172.25932826320002,1116.6237559254969,974.2718611448,138.2602290924,24.087922228787903,20.580233187144,120.6988828764,224.9111785187604,201.212411856904,-1137.117975007,201.1481195321344,176.97425845145997,14790.16964,2
1970-01-01 01:03:56,6387.577640400001,2279.200024529503,2023.985767508,3811.769264402,8562.006781500635,7443.854330333479,-8043.562651367,5622.47676380038,4862.34026444492,497.610316497,1854.4517019266195,1610.4869753136002,214.8559965117,595.9837110073536,529.4953957903,174.8560771259,1244.7045970088732,1056.83682170292,134.8561577179,30.455253205569004,24.474690585952008,95.3805818326,219.30539289873764,192.362492114584,-1170.476209924,162.2408555124535,136.27721189272,14549.52478,2
1970-01-01 01:03:58,5449.402252569999,1139.130626065321,953.786675707,178.576419227,9678.11004973717,8801.62487744662,-5811.8234949037005,5987.892416466854,5307.933707170522,103.170828336,1936.9494642331356,1710.1954718643997,123.1125276262,635.118332414381,552.1367151358961,144.0945910499,1178.2859398180758,1019.791702855106,132.65890871,24.979916078753096,20.4705371886,6.475226236999999,230.80782686174783,208.32650488552,-1201.637195851,159.83459640883044,126.70969058860004,13214.72922,2
1970-01-01 01:04:00,6272.313619709999,1152.7026739150958,856.7240330558,1767.961481242,9314.928142278928,8468.998831212519,-7298.969894725001,3336.000352937422,2845.942496691,-245.2429514959,1583.4618981040603,1375.85407313728,82.17211905719999,571.408338334398,442.661779659088,-104.2860986176,1273.428946545875,1091.285358206864,124.8769851536,32.05294017544703,27.197281859183995,76.9286839383,206.98193974052637,186.225342603062,-1203.26848668,201.2935222510681,167.7959165351999,13388.98608,2
1970-01-01 01:04:02,6138.148263759999,1395.7495681721018,1129.5191554448002,6393.836471046,9412.606126882923,8204.044725102962,-7506.7347696217,4065.64232837299,3384.1183577766583,-334.6143902072001,1879.3286848457064,1649.016069564224,-54.115579667800006,606.1073224342205,466.979333669952,-511.2765394662,1373.06217477885,1207.5714326558,141.7142379483,43.51613373274727,31.537348022938,151.1440982666,214.71394714290076,189.516055898744,-1105.540843481,238.73628032256815,213.37684844128,14855.36035,2
1970-01-01 01:04:04,5567.00501178,1887.178535044137,1571.0951279444,6146.770801527,10045.0648626297,8800.08280829706,-6809.3495744093,4425.531314679616,3587.445122116096,371.2352070264,1816.8643673940255,1591.9528470224325,75.3806221311,503.59790691381374,379.053085544636,133.9656060751,1592.5492813463122,1342.024428486386,145.2764446732,46.19080327981859,36.6124938448,148.2061100155,234.51118939871557,208.5855139334,-1086.731060353,228.25057393045483,203.8203134775799,14814.56076,2
1970-01-01 01:04:06,5938.87276022,991.1331084419592,798.3541133224,4505.983429353,9667.00875889148,8796.01307011994,-5921.0700494784,2638.633725941206,2071.3795963154885,248.0727418873,1794.0437725334289,1538.2630675954942,192.2093505168,363.233403908561,266.74935845120007,253.873812204,1399.3226993631831,1214.38190583504,152.6671913258,56.91957107205585,43.546978420908,115.3555727941,214.89518925962827,193.1748084139,-1153.589019602,252.63219160918612,220.16501616944,13200.95862,2
1970-01-01 01:04:08,6340.46995345,1172.2667136868215,952.686719457,4049.038865197,9236.212119486974,8597.06365817512,-6328.2935318400005,2254.0178620267025,1899.833042276,-209.5376551733,1359.877554894155,1159.61147935003,41.631210325800005,385.39112934927647,314.756585887832,-50.4701438341,1334.1753569942684,1108.819072375372,144.79371572399998,45.5793266582357,36.62065030815998,130.0704827989,193.65883631373845,178.552449195056,-1157.866996818,228.42113934425063,205.5626319784,13167.44716,2
1970-01-01 01:04:10,7085.362335090001,1728.0348768731612,1426.8069459009996,5822.1855213775,8669.868215473944,7471.866425197201,-5239.473420487,2831.606115089734,2167.7492730843,44.57752150740001,1420.534048932904,1223.867030275268,-44.1863445894,420.1864829892865,341.62294873552804,-232.384051101,1581.3328417927275,1417.0989338811798,128.6472646969,59.62909370455415,50.718333092294,154.5065550757,198.97114916425707,172.49403443315998,-1089.868798438,236.32085584869148,215.74854570944,13704.59348,2
1970-01-01 01:04:12,5877.93239196,1885.226986723043,1651.2226402447998,7685.461001336999,10025.9225300103,8486.76941599538,-5058.1504400744,4641.191348122373,4118.6933236256,-90.1371467121,1759.0827651428317,1433.8364781886255,83.528753863,609.6323451762985,510.61203808938,-454.5975026368,1932.1059055529656,1607.57062667088,161.8806559113,90.3884194881205,69.10514581228199,188.2143523231,236.9369576406976,207.811815953356,-1043.984579613,244.7292483835903,223.07320841474,14821.8611,2
1970-01-01 01:04:14,3988.7809761158,1802.20604715833,1376.4987659496762,12746.23315831,2918.586844055197,1995.745291833599,-302.5045922828,2815.361474646277,1950.846505880424,-15.8967636406,296.774663635794,208.47065774278803,434.9054906936,1111.45349193948,679.009534810944,332.2423600658,465.64707186071854,411.13408623825205,88.5807619942,82.25989857359957,58.67304032105201,493.307370503,126.1042780761034,107.27019582822004,-488.996101615,258.7203219510843,220.7193221954,13972.472,0
1970-01-01 01:04:16,11898.312674267328,1783.6145554111763,1362.282079853936,4060.930495066337,1537.1034711382745,1277.1156972016468,1532.462518100792,4258.676667007842,3967.911234876647,-341.9151505425743,428.2785255348738,338.1054250732477,-439.63933279891086,580.7656446498378,435.95631533936864,-30.39099285227723,339.08439117467526,251.0939845803921,-11.132926067227723,50.28373794751421,42.604567687222826,221.36476162871287,14.99162266221338,12.402209032388985,-856.650231119802,55.91361023141189,44.50037402713459,13518.43576,0
1970-01-01 01:04:18,11042.69102346,2065.634461146186,1735.1548888784,5564.77447116,1609.5638881317348,1191.9871111696,-3329.2650349727,4172.366585805488,3489.609614084024,166.7828516073,300.66102909568,255.71500698455395,-43.63703232960002,1264.2986731875249,973.80827492936,-100.3576837482,426.5796454168362,350.12663530262006,80.5907656115,58.92033043204057,50.72216162914001,234.506393878,12.17544087793364,10.23318787156,-957.659327017,58.29480732767844,49.37801118602002,13602.3086,0
1970-01-01 01:04:20,9823.30937713,2128.5469459344176,1879.4142735248,1688.4277254424,4026.557035581237,3800.705616368752,7654.200139859,4133.297846821113,3308.8519256035606,-200.5239405009,271.66025658079315,210.481972869298,593.1989711436,754.8446934099346,577.812901448352,177.52773216149998,185.9811444772377,150.95932960219,-58.2021299143,62.914652953618976,52.33780548524,175.347128987,40.354426298405365,36.987024933,-743.152892843,189.64978980909265,163.36046981386,13956.29918,0
1970-01-01 01:04:22,5936.32594883,285.3144673285048,242.3555665764,-3080.1768977,279.23942452467355,255.82636751,12404.0282716,93.10775483196667,71.77047547200003,-7.9067672554,24.673732367702804,11.152703286512,29.8792573114,22.78602053633599,16.805625728192005,28.9720598052,35.86746307607146,22.462876084464,-107.5320346795,6.972486094006791,5.503109993369998,104.6606297209,10.49004240524702,8.148131716772,-466.715663793,18.76565051643855,14.681618351000004,14097.77032,0
1970-01-01 01:04:24,5483.451289170001,50.43948242744795,40.34615258400012,-3534.5746503899995,61.208814717321744,45.98575834659996,12497.353093999998,29.343074728716296,22.551764639999877,0.3911769062999999,3.353154227406184,2.664830252322,10.0124642187,4.379304466549396,3.291046218918,1.248436935,4.439674964671989,3.478977592199999,-110.5282833153,5.831441002483656,4.6441853802300015,91.1525420868,8.874999030309281,7.364113339320002,-454.198002794,17.373549695136393,14.381993499999998,14097.93043,0
1970-01-01 01:04:26,5445.30737939,31.81684592773716,26.101487197800044,-3624.4621097,44.04929398217705,36.191354445999984,12490.7280555,28.419671365042014,22.915309410000027,1.8976241412,3.3502837733391284,2.6180554818240007,6.899694794099999,4.428305113580516,3.577520880936,-2.7964987344,5.961404196933449,4.977767747231999,-109.4795962955,6.699627648782143,5.251425109419996,88.9552930764,7.369876963507267,5.720837412407998,-447.839297334,16.430338793794125,12.586241806520013,14099.97806,0
1970-01-01 01:04:28,5914.83618783,1631.4530368306753,954.8102276076014,-2928.375289275,4115.250037094028,2177.7226197705004,12023.73773562,2336.176909597365,1132.8583081088002,215.0973609999,500.61810866487474,283.459104234028,-126.4250469465,654.2432385821571,283.7780382367,-9.9209121826,372.2068046604383,203.420647118212,-121.4645908664,14.623801730698778,12.328564425567995,88.3726891741,29.373195488949165,19.87777933968399,-487.780956342,81.33287567994431,56.184988731839965,14461.4427,0
1970-01-01 01:04:30,11168.749862386,2485.3126203644206,1833.93255076628,4672.8828018991,4354.409121436875,3769.232854213008,2533.0702181974,4072.842628939985,3252.508968233925,-256.9782587047,754.9050844646332,353.5360333450179,-483.4863332822,1333.098841924591,669.9167524531721,-275.3469274735,724.534490787447,503.58383750474,-2.7049466982999992,121.79321550470912,109.15084122953402,199.8747532963,76.274278188653,70.272018196144,-882.9278920869999,71.88604639597604,55.86738639063998,13815.96454,0
1970-01-01 01:04:32,8538.02690677,1988.6274036941777,1522.9189452946,9866.41374292,1880.0905756047223,1588.0024595248,-2093.0877506813,1846.599716477731,1573.0721526787,118.2769152364,901.1257245059172,536.366626219592,174.44825436989998,862.0977137854089,564.453294544488,-221.9887328384,874.1990494941532,631.9254848336001,168.92184022,37.41206322089249,31.563149050399996,246.308284367,33.33131313197802,29.456453329599984,-972.249393359,143.948980676792,129.19091739017998,13582.34361,0
1970-01-01 01:04:34,8751.05186228,2726.484626012044,1883.0012824848009,1589.4599679556,8123.673271662108,7434.333416942623,-4085.210244814,4269.534239916426,3567.69967713948,402.0299847112,2110.680464294325,1515.6936582034882,68.90539589750001,1357.532306042394,848.2280036259998,520.1737333288,926.221223784142,685.864452291536,125.41797449,84.6093508952477,72.27534333499999,73.116789827,161.38047815442974,148.88775657958,-1146.864106032,203.5276267048522,186.1076566609601,13554.14867,0
1970-01-01 01:04:36,8599.51658734,350.0274832975672,254.02828543560005,-6932.21241481,323.2763207260618,223.29626249300003,-7630.86269235,388.2916049422449,300.315666167,-18.044075168,49.83127956978084,29.01567186944,-64.1779813756,90.5697968992342,68.886419663312,-26.3836338937,59.54563314982495,36.82223125400199,55.4888603043,14.409423429770468,11.465977727556004,-4.4194667499,11.82120908105985,9.086623387704,-1343.62608985,17.25618684270829,13.996309583000016,13437.56931,0
1970-01-01 01:04:38,8805.02595265,1756.825546409876,1371.2511694340003,-1982.3097799542,5055.803556114001,4396.661968531296,-8377.53617749,2575.937286639554,1979.7919324704003,-197.0699316484,706.9399746425566,530.410583291088,100.3826524952,539.4875115149975,414.500371582224,-213.78234076420003,740.7887911687342,454.4952972350839,100.6573086146,47.471613688970216,38.444866353444,60.9070765999,75.21229430135419,66.256046261874,-1331.4080538,64.91308277276747,54.63293185199998,13521.40667,0
1970-01-01 01:04:40,11894.79916917,1317.6470401781776,965.2393366466,1058.8576249782,2363.535771434681,1819.510940283108,-5628.3864945000005,1303.8728007504678,1034.82038672,273.8820948007,322.95571927891376,266.08102853937,-80.4992135646,281.98445279415563,213.079221064736,119.6335500241,422.3068373079523,292.92325493472003,34.3819531899,19.798256208901613,17.061638528484004,68.4143440416,66.95427872370344,53.64616739032801,-1326.71393094,32.91166792304928,25.71946530960003,13478.77163,0
1970-01-01 01:04:42,3444.0546498981003,5852.685089722903,5048.19956551171,-9187.771748276,4618.15050620378,3574.01760050816,-4091.685471055,6042.508113125996,4963.8293649795,-321.4725108007,3021.4647589345363,1726.7089633832857,-50.78641452090002,2704.5580885906497,1688.933092738174,278.3265303028,2247.598736582214,1148.4063418060398,137.4279378075,129.46734496713788,102.4956736163,-146.0088610125,154.57749727234295,131.25816247825003,-1199.048769936,127.02338409565638,107.40019977935997,13984.46384,0
1970-01-01 01:04:44,-10852.91196362,1081.5704088188213,811.8968244143997,-1642.7099649308,1568.1624709857354,1101.419669893976,-7964.22864557,1021.2335977089684,730.7391017334003,-39.8501069587,414.8751132919475,252.073066748736,-13.9575249245,330.28640277852605,193.53019678415004,92.4509164827,734.4011966561277,417.0065671075361,365.583949135,24.63964337425044,20.1123190283,254.972436697,25.541241269238714,18.099838679539992,-909.636119577,44.62394477742399,31.692653567320026,13673.32543,0
1970-01-01 01:04:46,-10768.99203238,1970.885834829312,1286.8653214772,-3328.790628918,1787.2567950658552,1106.43222740036,-7160.251905301,2077.2563613084417,1329.04168313278,-30.6116736494,300.8169286936071,208.68172681246807,39.200919758,367.0632008925441,234.50972304212,-10.7282347262,202.97347403368607,135.13147967886405,417.693706805,14.405521182014978,11.760941755899983,214.531402917,10.936608125153176,8.743053534660003,-837.493110563,63.68346973706988,57.96076542752,13555.80802,0
1970-01-01 01:04:48,-10079.24727169,1724.7405513827446,1264.0087719776002,-4271.5103272888,1456.0527728357629,1068.242708053872,-8159.883682099999,1369.3585471966085,1081.591827996,-54.614954455,249.72190313149324,185.0786116627,-89.28820958770001,357.2079313992107,237.626487457792,-99.1175697314,276.4062612915809,178.504342764764,416.561790644,19.243319011881614,14.723232917199985,190.627997068,14.94660377020281,10.944297542319994,-891.026086336,63.00744911084418,49.63935066064005,13795.24506,0
1970-01-01 01:04:50,-3795.248282282,3488.2784467654574,2600.04469809028,-3000.867860678,2293.348914512179,2000.88735383116,-11761.11654174,2189.6816173758216,1679.9028988076002,-71.2691031477,725.2024363502477,542.449010959702,264.69359896000003,619.1095701971072,477.21834757400006,-108.31438847,394.64107478914406,274.1514242568,410.993761921,23.32087250877493,17.95801624405999,150.6946609681,30.321098028513067,22.365997383727997,-1038.025374019,135.44245939331935,93.98516227834,13503.82043,0
1970-01-01 01:04:52,-2083.488795128713,474.2550150131998,336.9641554924027,-1391.3603026762376,687.6139406737399,560.6691398009999,-13102.539285049505,716.7927900632419,529.8267954906385,10.712660170693066,207.1593138614552,131.15837016875795,38.38428543465346,75.43822204524268,57.805775354480936,103.9704871880198,162.25397273066886,131.64398900584848,332.3314399495049,33.83538842379786,27.39291660623468,199.7663906237624,16.681567717042103,13.230502465875894,-1075.468675881188,21.385642019504896,16.063931680619543,13365.86782,0
1970-01-01 01:04:54,-1969.32603581,130.98239137361108,114.5407595814,-870.0523458289999,238.1619871242767,200.60350754152,-13164.5094693,200.3969597620986,155.6206605420001,-8.5975690265,34.415415878257285,25.03815179377,0.4161456449999999,21.68011542119505,16.0132844196,-3.6454358502,16.62175602002718,12.697768836756,313.85704546,7.209795245961125,5.721170312399994,211.435279323,8.9138923457849,7.067151809939994,-1073.93874319,18.71117044026577,15.285861911000014,13342.07177,0
1970-01-01 01:04:56,-2112.40523156,136.9557821193538,117.44828603440004,-446.9237769096,269.67965791014655,229.616849001904,-13165.8411349,125.7118789955278,99.5670071,-19.4173557961,41.36650096646479,31.712462106841997,-3.695373327600001,16.507935013895004,13.02369410592,-16.171419765,19.60739530702772,13.717658583900002,318.667689107,8.07134021081559,6.547802018579996,215.430277518,8.26277062128421,6.591747000000001,-1052.52388826,19.80751363455891,15.85997634280003,13345.0768,0
1970-01-01 01:04:58,-2520.21964067,335.6898901816177,240.25669442460017,336.5536289475,578.5083094467174,380.52574174755,-13125.9993516,424.13769975499633,246.409490768,67.3573341022,247.8105432257413,132.858159253276,5.201820561799999,136.07669501257152,72.30114436257601,21.1235529401,59.46405997134416,40.84552734912,321.3060525,8.42101172974873,6.441102299999999,221.972087049,9.044479575397236,7.001234319240004,-1014.479853372,21.794708367037625,16.58257176751998,13386.85664,0
1970-01-01 01:05:00,-1170.5760848062,2073.9580247443314,1645.4457063609318,-297.46922996729995,2384.0409981860616,1985.8984535433544,-13094.05601152,3062.377898304826,2109.9223399584,-21.53137566120001,945.7658043773878,720.349110257112,117.1616449168,1106.2402185457318,817.393941753872,77.97737094659999,1054.686220748251,709.490205787988,358.98387921100004,42.7897254101625,38.04703111678,189.4294976083,56.51860864138362,48.08646157370799,-1054.870949686,87.80456997085696,69.93477382935997,13513.98327,0
1970-01-01 01:05:02,5101.1632540309,4200.775569371871,3632.647195376516,-4834.7884262463,6168.843891382601,5175.229521413404,-8280.749023280001,5658.933318402921,5261.473209717601,-246.0336282171,1439.2280431025138,1025.651033535242,578.1178529248,1489.4206504031367,1204.972852762704,195.4636094829,1606.383286718223,1192.650946709442,21.1568445845,258.07543711795773,245.58818594103,135.3638553963,162.48845468488037,137.86272677495802,-1007.655064849,246.28668113383813,206.19517340308,13939.42014,0
1970-01-01 01:05:04,10500.56976882,2685.696002040557,2192.8275415092,-4518.8756217121,3737.149721038481,3237.994640548206,-5602.918380916,2991.408327175877,2420.85105188232,424.568432854,656.6106087837546,499.36611817232,-377.9767664719,1118.481821180521,920.516830067472,-485.641967714,740.7024217559162,542.09628591108,0.8406142029000006,127.19723804329212,98.58640142742202,100.1662567527,35.492248215826265,30.892988103516,-1413.72166231,103.18114024168052,79.72901127139998,13726.4262,0
1970-01-01 01:05:06,5215.81970215,2773.4757728195013,1993.235434339,3395.6735569472,2030.0110883240804,1579.516750558144,-11630.57165313,739.1181452071074,513.10758087,26.5417692372,236.58198749337967,141.30907855093602,-56.0881100309,339.9030935739062,246.90886575789605,-299.1088438125,488.6014351247201,393.29059327275,336.512014378,28.96576609629984,24.481348923759995,-75.380622142,34.668260805662364,28.487166904839995,-1494.42894871,34.03233150126825,27.273186935799977,13583.95677,0
1970-01-01 01:05:08,4830.208903830769,281.7373294852143,195.58155842840236,3813.4690594307694,193.3246865292157,148.3330220639054,-11728.39276923077,128.32265475505844,103.25139829585804,27.299154312,24.74894808036066,19.1094080184,13.816035414,17.411605398714016,13.5164105496,3.32916516,35.47931449295649,30.397838807076923,325.09297786769235,6.136913808628734,4.788876048994054,-122.24438378615385,9.360395563956844,7.831614800899405,-1492.4647412461538,16.136848962769573,13.091301896331334,13249.07653,0
