Timestamp(us),ax_mean,ax_std,ax_<lambda_0>,ay_mean,ay_std,ay_<lambda_0>,az_mean,az_std,az_<lambda_0>,gx_mean,gx_std,gx_<lambda_0>,gy_mean,gy_std,gy_<lambda_0>,gz_mean,gz_std,gz_<lambda_0>,mx_mean,mx_std,mx_<lambda_0>,my_mean,my_std,my_<lambda_0>,mz_mean,mz_std,mz_<lambda_0>,period
01-01-1970 00:58,-187.8897587,821.3652176,693.576075,139.4087911,836.2959855,674.9188786,-13515.92505,827.4559661,625.3744272,-414.203632,212.6175386,166.9668805,394.5060715,249.25043,175.0586013,642.9450216,299.3911643,247.1905132,18.17169317,26.13648454,22.44874563,203.9113661,12.10794655,9.987495483,-1494.725799,25.63933288,21.15407017,0
01-01-1970 00:58,3375.964899,1728.984209,1297.930635,1792.322647,1989.446643,1734.447774,-12411.21095,767.5223074,531.0517802,-74.54000792,448.7140149,343.6943553,65.70107444,455.5991272,330.9453173,47.53215557,440.6533591,322.1050521,-140.3076657,41.88108336,36.30554482,182.0137822,61.05368703,53.03210288,-1298.058142,64.49404869,48.62811677,0
01-01-1970 00:58,-3883.870659,4115.170904,3491.790217,2421.717967,4822.668927,4179.135982,-11231.74599,3503.245962,2730.926499,137.0450838,1028.734624,753.2462558,62.66321121,738.9725846,527.1504983,-223.6533155,1106.734086,780.6785767,165.4012481,196.1720772,185.3622565,296.5370637,103.2136991,93.95087185,-1484.77437,289.0917278,270.3934626,0
01-01-1970 00:58,-4078.526946,2370.086814,1925.677018,-860.0898191,1687.113266,1459.359523,-12561.23977,1653.312584,1248.559449,-106.6165143,457.1811907,360.2339807,213.1497994,507.9369608,368.2289709,-161.9971767,503.106833,365.026314,71.49382181,97.09448919,81.6527693,259.1338932,55.60240604,50.54005629,-1505.306996,219.293098,199.3648917,0
01-01-1970 00:58,-2386.403847,3104.06725,2737.550705,-1056.052803,1450.101045,1102.641141,-12705.47585,1152.596194,846.0746998,-34.12394289,392.8190993,292.7501384,-260.3490384,269.8906113,195.3622364,-625.0840504,296.335982,234.2913298,222.5213993,164.0715349,146.4879279,226.0003769,81.18581788,69.6714368,-1066.240049,79.94155833,66.85030222,0
01-01-1970 00:59,-8652.034168,941.5738836,752.3214137,-5454.945312,2665.830454,2117.98125,-8358.293603,1788.037693,1311.291074,-72.32611309,771.1374717,633.5850737,-197.511046,384.0985013,307.5307994,26.04239447,541.2008853,444.8873266,471.6012137,9.900705108,7.894116427,-13.81603541,47.59411445,41.49804372,-725.4833488,74.64871178,58.98531601,0
01-01-1970 00:59,-8321.905828,2756.502332,2400.472067,-2125.189226,2093.297093,1665.058318,-9903.109466,1769.852122,1410.100196,89.83752185,712.1220118,545.1058512,174.5314835,620.0280317,401.0162539,-64.15301264,537.8791096,398.7547521,435.9042402,19.22044164,16.39047884,93.34146817,36.49399085,32.54175715,-821.496472,153.1941528,135.3585288,0
01-01-1970 00:59,-6141.027992,1903.104709,1544.121732,-2769.116351,2814.596446,2167.887433,-11086.4529,1709.898018,1359.937334,-30.66161113,1315.483986,820.3009688,-180.8402515,961.6366302,645.8866719,-203.1123664,626.6889299,448.0050897,448.821401,16.22072964,13.88927704,0.71577051,51.80424775,44.31817953,-858.7415072,121.9410721,102.8522272,0
01-01-1970 00:59,-8809.928148,1501.23354,1246.86224,-6768.908541,2126.734336,1783.39316,-7396.855673,1369.894116,1024.063188,28.73069533,388.9125857,293.6989504,-23.72862468,608.5972626,459.6922905,-138.1603541,405.7374447,308.7634228,443.8442991,16.83062791,14.34204351,-123.8699127,46.1416486,41.45609624,-590.344212,50.9829412,42.26042254,0
01-01-1970 00:59,-7931.711025,694.8153689,538.0831438,-8214.931428,645.9919173,511.7216489,-7197.938055,745.7507781,599.8040348,18.17724177,381.5487358,311.4267549,47.34072857,480.9266966,382.9998109,44.06150088,367.9731604,275.6235811,459.2749797,18.00341805,15.44266551,-146.2668713,24.76123846,20.80295433,-706.3656178,59.07633899,51.76685365,0
01-01-1970 00:59,-7288.374827,386.9179075,296.8616573,-8008.772876,393.7562741,295.7996537,-8090.029474,435.207823,331.1262575,20.62417817,123.7721129,79.74316016,10.56177647,101.5880172,71.16123821,-4.585925008,62.29010988,47.89087312,446.341173,7.637316226,6.220212174,-144.7354553,9.316571829,7.13606552,-759.3076668,20.91735629,16.2483235,0
01-01-1970 00:59,-9336.219223,1753.701579,1466.863628,-2086.762337,5334.514847,4688.184477,-8101.764781,2156.395675,1665.435013,-391.5181457,1039.134036,729.1817183,-75.7385074,578.2769263,358.1016504,91.1026046,669.4680141,485.672596,461.3224162,12.80781633,10.22519787,-110.653127,46.37750578,37.98161302,-717.2852795,37.84115933,31.44263326,0
01-01-1970 00:59,-5534.387516,4728.979771,3740.747185,3030.006379,2448.460954,1959.063884,-10884.71381,3337.659733,2527.893366,96.42926887,919.8442454,681.2590517,76.03813225,1745.464431,1284.316014,594.9551057,1718.127953,1251.426525,414.2480209,86.15138392,61.98372861,-4.452758401,123.7553667,97.34395699,-965.7242297,136.8835761,104.1948795,0
01-01-1970 00:59,6530.265659,4134.926972,3447.59555,3757.229216,4271.29573,3303.206993,-8092.035296,6374.456577,5519.293081,-92.82544758,1738.437273,1179.04598,324.693478,1568.734385,1110.049532,-90.48670908,1631.565805,1073.506618,106.6830976,68.79129253,59.36334272,258.5096747,40.70628221,34.51345522,-952.598996,237.7542256,204.9642146,0
01-01-1970 00:59,9036.020077,3938.100398,2955.19005,7313.035617,6339.577491,4637.339303,-277.7272805,8889.112348,7291.025841,537.2440277,3124.094024,2406.803307,-106.6581289,2697.797055,2003.567332,336.5369831,1347.732163,892.5816388,62.6465654,58.90201563,50.02137236,244.5854414,82.68143253,59.98822702,-571.517783,329.3051902,270.6344942,0
01-01-1970 00:59,6819.029122,2764.88841,2174.022752,6115.85118,6668.711501,5562.579053,-2439.287636,7542.683675,6147.760396,-1613.513187,2607.930704,1673.087931,-68.85545839,1524.838099,1142.475268,103.3289637,1425.010454,1024.206842,97.81919532,87.99181478,74.89090195,140.4574781,161.5705646,139.3122453,-609.836474,437.0989374,355.6720257,0
01-01-1970 00:59,7872.510146,1820.972006,1403.593343,-332.1175164,1281.827463,969.319728,11199.95246,1744.778888,1252.689777,-75.23913262,625.6423427,407.3899406,130.7030242,1006.509515,636.0409988,95.57200885,792.7551826,587.4480048,74.38187259,37.42098988,28.33519051,-257.9770083,17.69907313,13.48711391,-250.3282513,29.37711977,22.86803548,0
01-01-1970 00:59,3241.341783,3340.500605,2880.405016,283.603257,5240.280846,4057.328487,11587.47561,4084.433019,2616.798722,710.3855847,1827.185814,1254.292936,-166.2085706,1016.016877,741.4317145,17.52805456,767.6869172,551.3989721,225.992054,75.04223482,69.86502775,-171.1523809,160.1704789,120.5444096,-264.0027972,117.2365982,104.1862237,0
01-01-1970 00:59,5139.176222,2060.563176,1401.467082,4647.498082,4274.814483,3605.528947,-9396.782918,4517.010824,3501.370234,548.5623652,1681.5289,1197.151767,28.80881535,1333.630975,791.2320215,-177.492298,680.7839911,478.0232103,137.5423161,26.99875294,21.53660799,248.1546526,28.72785322,21.77811198,-977.4643164,305.764617,254.7198081,0
01-01-1970 00:59,4650.61901,1208.890779,879.0186199,1078.990751,1090.829671,858.730188,-12268.38976,744.5575643,544.4516704,74.46510172,298.5681923,208.8115643,112.1429284,532.906399,329.5853533,3.553883807,282.8034477,206.3558056,164.9851024,17.67333195,13.66056339,203.345408,14.55620989,11.46164982,-1208.42037,22.68543974,17.60595706,0
01-01-1970 00:59,4751.958797,4099.207679,3685.042928,10455.9007,5272.173708,4376.950148,-4214.856259,1434.391578,1158.624049,-153.9073053,299.4822312,204.705039,-52.60913246,882.5208006,646.3482606,-474.5475248,582.1741724,513.3655906,134.6896995,78.18152718,65.54260617,402.4378075,148.6839562,134.2745526,-768.0134337,260.0091912,233.9948677,0
01-01-1970 00:59,4368.680335,1050.268394,760.5687546,7940.208719,1706.515606,882.4018841,-8981.804623,1270.765442,978.4273252,162.7379159,481.4781582,329.873992,-56.4543182,263.2670083,197.469265,162.4299682,308.7006389,235.4159218,119.2756648,18.01403094,14.70425668,347.3234782,30.19272266,19.74960648,-984.8169918,76.34041328,45.18942204,0
01-01-1970 00:59,4025.218689,1293.138212,1000.473556,10890.96432,4002.546783,3537.15209,-5270.476271,2229.329524,1884.649386,165.501123,520.8686739,413.5730326,268.4472327,552.2079251,460.8976148,-29.2883305,526.987856,415.6624167,121.8474449,41.23264823,35.22256739,490.0447886,156.7887553,139.4031315,-750.2606605,290.2276797,260.7142479,0
01-01-1970 00:59,5972.863536,382.561686,294.9770169,6330.207802,685.1898221,557.4347486,-10142.99246,513.3600913,433.1461932,-60.72397252,122.7591775,99.51473913,-24.46936392,166.7085139,121.0750785,-34.6482864,116.5007616,86.84277132,136.4458341,9.744104111,7.839185196,304.918237,18.96570763,14.46255929,-1182.486173,27.10057062,22.7162255,0
01-01-1970 00:59,5184.750268,291.6706285,236.3257826,7803.60475,441.5388649,313.4508873,-9397.450893,134.3598241,106.5176381,-16.02160733,52.9947413,42.18884549,-5.967528548,78.51045488,56.64874145,-25.27668648,37.96194595,31.00834367,159.7916048,8.322488334,6.749382991,355.9543389,13.21003254,10.43160612,-1141.678931,22.24414431,18.4577239,0
01-01-1970 00:59,4237.611103,538.2112705,469.9116623,10328.90969,2479.569832,2255.343271,-7449.84766,1672.260484,1525.065591,-71.77680085,393.3807708,255.1332354,0.774030902,236.3704083,149.0380684,-15.44732634,264.2896831,162.4992148,182.7461986,22.03949567,17.96400875,406.9987637,45.83467862,39.57744833,-991.4087389,137.0863343,123.3019571,0
01-01-1970 00:59,3114.067799,547.0895763,434.1258002,5433.788468,986.2498671,860.7306834,-11153.36912,1178.537629,883.9799082,76.00484061,307.8270312,219.6982672,-175.0724729,302.0062852,231.0374038,148.680516,328.6636346,248.0261336,211.7349042,9.34918471,7.470646627,265.9503588,17.56314904,12.38848938,-1036.568864,42.70599224,36.02356454,0
01-01-1970 00:59,3471.037533,1165.350863,1030.234462,7805.335916,2007.794763,1795.765004,-10225.03141,1113.502834,998.653002,-8.755704369,168.4221241,130.5758501,183.3620941,407.3937451,343.7561113,-153.274764,244.9707903,193.2733517,188.8718625,32.80516963,27.94201611,310.2282554,41.86143805,34.17121704,-1002.378338,62.6793562,53.62153158,0
01-01-1970 00:59,5357.059534,298.696638,221.2170323,7705.818846,1061.896678,917.322829,-9198.466691,590.9580037,497.1412372,-26.06736321,223.0269572,167.3364918,53.38316334,130.2119291,95.1761711,-6.308767975,160.7645279,135.3788367,160.0912296,17.25850614,14.29293833,352.3505176,25.19730823,22.12729623,-1118.47465,58.62511762,46.41272385,0
01-01-1970 00:59,4674.314343,1017.29247,823.6920564,1601.544838,7286.318395,6607.588849,-9088.454429,2523.117016,2089.706983,217.4111308,1281.97071,976.5326972,-7.324163352,147.6144629,112.6822532,97.25323724,373.8285015,285.1912689,193.6408915,32.36798791,28.18537807,134.9310639,221.4406549,203.8427853,-1213.988399,118.766202,108.1813883,1
01-01-1970 00:59,4909.353403,1101.25244,919.3323132,2932.045694,8038.491956,7230.463666,-9304.350789,2611.232996,2155.328158,-98.35186172,1709.042492,1545.88103,32.83389139,322.590058,259.2936931,-187.7982067,613.5725223,538.7241745,188.0895086,43.3067027,36.94491099,135.9963968,223.0721651,200.7153675,-1180.96308,189.1431311,159.8423746,1
01-01-1970 00:59,5354.312973,1031.885344,754.3705149,3706.750749,7741.343349,6933.760144,-9355.170495,2206.123965,1813.811077,-113.516209,1605.621909,1466.743112,-36.33783772,311.4561848,247.984519,-132.6172941,645.096047,562.106566,180.7320536,39.77152608,33.25752766,166.2418623,225.0313766,203.2881463,-1175.36176,192.4819441,166.4449413,1
01-01-1970 00:59,5439.389788,1048.055847,814.649378,3050.355901,8698.877079,7913.216847,-8411.485339,2942.47996,2422.739687,-14.86472244,1668.815172,1502.028767,13.45815016,274.2986997,220.4018863,-173.4578278,744.4877706,654.326272,179.741627,42.92067616,36.55822845,136.3209904,254.7417978,232.2280797,-1159.13208,215.5148145,189.627583,1
01-01-1970 00:59,5528.087071,1068.287752,820.7475763,4611.909142,8743.342653,7857.087122,-8429.329664,2924.036132,2426.59253,196.1044737,1790.827407,1591.041322,10.68662016,223.3778985,168.8359478,-42.08897053,898.3068356,765.0479798,188.3308731,45.07199909,38.3852743,167.4403617,251.5174486,229.7110644,-1119.847931,237.482702,215.0474235,1
01-01-1970 00:59,5700.379691,1364.003297,1094.145444,3739.027006,8585.919766,7720.582029,-8339.109289,2404.208499,1995.131727,236.8368095,1779.194012,1615.932158,13.64957715,301.3662148,242.6195694,44.68571937,975.235666,854.7203751,173.5660256,49.81127204,44.15505045,151.3438482,235.1183119,213.3322376,-1163.526578,222.6874012,188.9351166,1
01-01-1970 01:00,4814.880019,760.9754462,588.9148349,3174.225813,8573.65531,7621.407863,-8716.278733,2603.052121,2167.371247,287.0322972,1951.134692,1778.319513,-5.626289122,325.1758598,269.6210963,36.09647324,767.7824021,666.2328647,180.9068348,40.16649155,35.09672495,129.1799311,234.1738819,209.2200528,-1166.963941,260.0527304,219.304427,1
01-01-1970 01:00,5093.012897,844.654783,621.7073155,2048.788017,9179.778485,8386.714012,-8070.349576,2870.294325,2454.124563,153.1827999,1796.346534,1642.503404,0.651000118,224.3550313,173.5912742,-37.57671567,793.2900801,703.9777716,189.4987179,46.91140004,41.07852354,107.8929689,252.1973553,230.5026689,-1169.855452,236.2711314,195.6342247,1
01-01-1970 01:00,5119.698381,961.2512126,786.4511827,1572.023466,8865.70294,8121.673189,-8268.963778,2991.552259,2555.705212,41.98909557,1645.035857,1477.615832,73.88249781,300.5924137,253.9390638,-73.86585201,744.2677785,648.3216233,183.1124067,38.65435034,33.00084904,99.50874663,246.519331,224.0641344,-1202.361289,202.8974689,165.8230533,1
01-01-1970 01:00,5349.285933,1421.528122,1114.908781,1116.352307,8602.677478,7894.960371,-8387.165788,3106.429041,2805.514114,-61.13179524,1662.059499,1481.624979,53.74937151,353.5448263,297.3540408,-134.3734288,804.6257792,696.6602691,168.563955,41.36081721,34.95373731,107.1991182,244.1613043,223.6965946,-1215.769502,179.6915836,149.8124322,1
01-01-1970 01:00,5841.294929,1890.991132,1498.959942,2342.658617,7802.65989,7014.44063,-8754.647361,1857.735884,1527.903871,-56.69568267,1544.998062,1398.844622,14.70658709,374.3102491,303.9722547,-183.9530209,760.9610826,654.4645988,161.8473643,62.05421074,49.79132706,147.5652457,227.6671719,206.5530586,-1193.064596,186.9785472,159.4079185,1
01-01-1970 01:00,5628.036932,1175.521548,952.1662046,2478.163962,8451.49049,7665.659792,-8537.028157,2102.540593,1795.447069,36.71236886,1488.753582,1353.563648,50.09561275,256.1429878,207.2606727,-69.8958225,830.4326501,728.8035252,163.1790303,42.85213546,37.60491798,155.1474194,234.7680878,212.5755184,-1187.737931,215.0899829,185.4598011,1
01-01-1970 01:00,5823.150979,1646.150102,1316.649199,2316.890879,8420.745262,7619.327135,-8624.21067,1807.657106,1451.507187,210.4448527,1267.920344,1110.827558,-82.00566081,224.350883,170.8297848,-31.26918376,806.1436144,683.2219275,159.29223,49.28076269,42.34598209,160.057938,233.2130815,210.6675738,-1175.120395,199.5415212,176.1557832,1
01-01-1970 01:00,4927.597228,1345.017775,950.8475222,2411.072961,8191.722096,7370.419771,-9253.040031,1950.258118,1594.683428,69.98737453,1493.689164,1344.718722,-9.130235449,284.5949808,223.5990501,-79.1758704,654.1114659,578.3370785,184.2443229,50.87676297,41.98659871,156.7870332,231.9607929,209.5979131,-1177.841988,203.9847125,174.5667727,1
01-01-1970 01:00,3916.038717,1210.314615,942.3451673,9147.380652,6182.648,4560.040749,-6373.212293,3233.337138,2781.965763,-725.2170155,888.5089816,799.0886936,261.5475379,234.3105443,199.7832013,-317.5773875,302.6897007,257.792406,150.8527963,61.86029859,52.1638566,382.9122538,206.0557017,158.4521152,-805.8660416,347.3873218,279.5708058,1
01-01-1970 01:00,6861.026541,3821.935386,3015.513191,7903.987402,6986.355707,6523.072665,-3514.158545,2505.978641,1937.276496,258.2766331,567.0545205,444.3403447,-5.701195342,864.9416908,584.715426,431.3266381,432.6720771,352.7203879,72.22623815,39.31842089,28.06952313,357.6771819,213.0787658,195.5718073,-779.5906056,422.5711616,401.6298191,1
01-01-1970 01:00,12083.65439,804.8030463,604.6110164,235.5217892,929.5054202,694.1179521,-5565.415335,1151.60122,954.3095211,48.6474259,185.664315,154.4907415,-41.63953324,337.3843654,250.0417766,-82.29696276,226.8187166,156.149831,24.97706161,29.71403299,24.9607487,124.127923,9.929191013,8.17276756,-1244.433614,40.92839501,33.11137726,0
01-01-1970 01:00,11410.10601,2872.615739,2182.142087,333.4158908,1837.08568,1509.626588,1745.988991,6974.237579,6095.639985,-564.3434321,1009.90554,824.9871016,774.6884098,809.5324119,694.0237367,-110.6448041,511.1582363,358.4235807,-9.146881279,50.84785155,41.77020297,165.6259667,78.35950937,65.81759521,-913.8724823,393.7822647,370.2677516,0
01-01-1970 01:00,5091.050915,614.4457921,479.1857177,-2122.767258,403.5057945,277.0532911,12966.008,484.5477163,375.033618,-43.1626263,117.5882627,84.34706266,8.514339894,207.7355251,151.5647383,-54.96451679,81.36484371,65.07186222,34.82306757,10.92739136,8.587248614,280.8150812,13.28825678,10.28712034,-349.4957585,19.79895772,15.66571957,0
01-01-1970 01:00,4995.86176,137.0585671,101.1513567,-2193.045935,129.0091568,85.84252363,13032.62459,134.7766284,98.89851014,-10.21221413,69.16099434,46.67056763,-14.88136826,109.9673779,67.28509122,18.01910643,89.461694,63.2674547,48.35612395,9.291754669,7.190996746,295.2470122,10.0952383,8.028947607,-325.2094987,17.31890833,13.57566969,0
01-01-1970 01:00,6247.752704,347.2903916,269.4306681,-3471.179023,394.0305181,229.6036988,12107.21655,344.2738049,214.849338,1.389926454,87.12432341,48.3531277,-36.03821286,99.67175449,65.36316417,19.59213697,94.28430835,47.52050349,11.62710932,8.265932888,7.017214324,255.8629884,10.2708409,8.060241766,-307.6231837,21.59616775,16.86854695,0
01-01-1970 01:00,6509.192044,29.6346172,24.50781573,-3435.665153,39.2365351,30.68025448,11997.68702,49.11770586,39.41731516,1.647936754,4.733318226,3.647100433,5.101945608,11.30316151,8.822620591,-0.557635164,7.662903144,5.717674704,2.380353089,6.060927075,4.791334498,259.050664,7.162937995,6.075726426,-315.7380238,16.28741105,12.71807674,0
01-01-1970 01:00,6517.340176,26.53989243,20.42109907,-3468.174451,34.3557786,27.04813523,11983.46316,63.29679142,52.66140049,3.01289447,6.41947006,5.249760541,4.610893747,17.00118731,13.97217326,-2.022467835,7.618213156,6.188751574,3.678727502,7.049512636,5.434529207,256.8700608,8.392946865,6.314094654,-314.7725659,17.01541321,13.59298135,0
01-01-1970 01:00,5881.319818,1110.861155,822.4829036,-3870.112884,1468.602723,953.3389029,12012.5351,874.6711483,588.5259888,53.79930899,271.5692757,192.1154681,26.43357137,188.6764698,122.5186046,4.203071018,290.314942,176.7861606,-22.82142717,64.0162614,49.32990476,204.1943451,75.47138903,63.08534937,-327.6314663,98.94044649,64.44764375,0
01-01-1970 01:00,5415.611226,639.6882308,537.8053249,-1466.214274,556.9396138,440.5590789,13041.72986,572.0483984,425.8864493,7.915090171,110.9914956,84.6934623,-5.384924649,84.42330318,65.21684736,-65.90914726,185.234957,143.0592207,-253.1663646,33.11640498,26.04272738,54.76476688,27.03099759,20.72072396,-677.7930578,51.63142927,42.49396347,0
01-01-1970 01:00,5732.624633,598.2880902,464.5609945,-901.3632266,686.3979839,517.6096308,12836.94772,624.9521929,479.30416,4.622924888,129.0071085,102.9412396,19.47231998,108.2171418,84.75859989,43.65821044,118.8663796,94.38155489,-240.2355245,34.0618877,25.77353444,-46.17156533,84.43344659,68.91267447,-775.9426975,67.36559167,51.35696606,0
01-01-1970 01:00,5414.346143,765.415673,613.0657642,-960.8220339,849.0000773,713.317414,12998.20935,656.0239777,515.2009599,15.7386283,165.650535,119.3633883,-8.34788164,144.9445149,116.6965605,-18.02742934,112.6338485,88.77185608,-223.3203989,33.40555631,29.82399317,45.39316696,49.08807278,39.33608386,-678.5254742,66.01269061,61.72272206,0
01-01-1970 01:00,4997.026968,341.4038344,234.2959906,-713.9228228,412.8372354,372.1693708,13161.88775,377.8654289,266.81461,27.40735218,83.29738715,59.97158119,24.80228044,94.01003474,72.43597555,14.95627448,90.58297272,66.45196764,-208.3724474,11.48485218,8.936810948,-4.67747705,49.71556965,45.97810128,-680.3731608,28.01571725,23.05496811,0
01-01-1970 01:00,5299.248581,639.2133042,476.380896,-924.6756232,966.9321311,799.5489506,13051.734,550.8120315,408.3815328,-6.741559448,141.4178192,107.8632866,-10.57009938,99.26029948,69.12012705,185.6342493,242.0600605,210.7734413,-152.4757643,75.23542006,65.23499131,-74.51503919,28.14031755,22.86404049,-695.9952684,64.41940016,55.95660801,0
01-01-1970 01:00,5738.715028,1141.33571,773.3843758,-2225.846534,1121.969044,833.4864603,12660.83175,1016.339872,698.5900195,7.199319662,232.1097773,159.8989703,38.21049313,421.6365085,272.7894628,-161.6059998,491.6934228,336.9626169,-132.7005233,86.95399878,79.00774758,23.19595825,59.58359418,54.56751385,-609.0790889,45.66310507,35.4908981,0
01-01-1970 01:00,5957.865647,659.9841081,463.5954038,-1196.060844,588.6945747,415.6479348,12650.54463,615.8394208,452.0943033,-41.76437694,120.7545665,92.78050385,-24.06154119,133.1685029,88.41896457,-33.8076722,153.6679923,119.4204835,-217.4943599,20.11596897,17.33429716,26.99120653,44.4229442,30.35566085,-708.1051066,28.58899318,23.4772727,0
01-01-1970 01:00,5932.530701,423.0764753,258.6236986,-1134.121726,318.9401321,183.3587649,12762.42955,281.8279096,172.0490908,17.97749186,107.2926586,55.97991217,24.18638489,71.54789623,40.40041797,11.77692176,37.78675693,26.04822051,-222.3299723,13.38879422,10.67463517,42.31368918,12.62770941,9.751790587,-708.9124292,22.4474464,17.85764192,0
01-01-1970 01:00,6043.575004,390.0613305,313.3142251,-684.94244,238.1406645,179.6930212,12727.20698,396.9942449,285.4304694,12.97542121,95.04957307,77.83737957,-6.208893024,56.78765876,42.82704645,-2.954634081,93.38456594,73.56456254,-222.9958053,18.86388018,15.73596496,-0.89055168,16.12148595,12.95261643,-743.3942573,32.22488445,27.18230062,0
01-01-1970 01:00,7823.479866,3422.419324,2751.664368,393.0329159,3317.250158,2796.617253,3931.927158,10102.68933,9387.406468,47.67364509,692.1350782,536.5142747,-742.6784868,2156.159729,1535.528991,208.6637493,1063.659028,772.0235796,-69.39644776,140.3244491,125.6070711,53.24999673,128.847951,115.9521592,-841.4464941,239.8859405,204.8435322,0
01-01-1970 01:00,12591.27717,994.1406891,753.6048066,3608.407211,1623.082284,1191.101054,-2264.897642,1268.965767,945.727932,-34.30704697,314.3498256,210.7138492,90.81962557,354.7245105,260.7755045,-87.79840818,240.9192034,200.6975565,-0.099874955,20.73376952,16.29559763,212.7502996,17.74008508,13.94387535,-1069.461016,42.73508065,35.86709372,0
01-01-1970 01:00,11058.59611,3528.53745,2631.193533,3943.346194,4011.325063,3149.830024,-4916.5444,5973.727662,4743.804008,221.0149521,1166.202698,887.1817329,-111.3356059,531.4120567,393.3441928,-9.038683435,867.4392098,601.872778,64.03649185,38.45004514,34.40392568,168.4973717,77.40298827,67.68109541,-1174.604375,133.5462863,122.0856465,0
01-01-1970 01:01,6175.518143,3894.611816,3520.122745,9494.287984,5815.648982,5344.077287,-4187.65698,2819.734655,2428.144587,-214.3150072,531.6080581,411.4931367,27.42399801,356.8619009,230.3183041,-297.0530843,454.8993937,391.8450697,149.9372759,41.86173139,35.29497674,328.5553096,192.4721332,169.5557133,-853.9308636,394.4588725,356.1873805,0
01-01-1970 01:01,6078.639437,546.3643239,370.4362074,4980.08984,2181.871566,1239.007574,-9835.652257,1999.084043,1752.787479,280.3406752,469.4013919,360.725199,-69.37980193,167.112696,144.7853928,230.6112706,446.13675,343.4000571,162.2718328,14.3814263,11.69868637,224.7269712,66.00634329,40.81057111,-1246.16478,104.8213763,63.88884342,0
01-01-1970 01:01,6134.561088,559.4411052,429.7329668,3445.36967,759.6888507,656.4717525,-11009.68235,599.6507445,505.6189561,-64.34443963,143.7685797,117.6328882,-26.57506089,92.3753013,74.28699138,-17.31165883,78.26238627,58.50009019,165.2847273,8.912459683,6.879220439,180.8652202,28.00428615,24.73652943,-1280.713191,27.53839706,23.39271196,0
01-01-1970 01:01,4354.997467,409.3768884,345.6635565,9075.820247,1548.998455,1146.992945,-8616.819923,879.9260451,767.1818081,-171.3188391,274.8802134,235.4678568,7.532236173,63.06096643,52.93955208,-72.33443601,74.61843358,63.1203056,195.4053491,12.88705951,10.83243759,323.3951037,36.72848187,27.4822584,-1033.630876,82.39663349,65.06204119,0
01-01-1970 01:01,3715.747818,146.6854912,110.868524,9700.987526,786.7934298,574.8849007,-8373.308137,777.2397596,597.8656283,121.356393,193.9137024,164.8354564,-5.717841164,45.22768225,35.85327773,0.224718649,43.73970387,26.91197241,210.4864673,7.819673542,6.15229723,335.9210876,21.08036328,15.68053436,-1008.520648,53.14599972,38.09830027,0
01-01-1970 01:01,4383.869651,605.2090316,453.4059944,6439.346159,4485.300456,3077.529213,-10006.83793,1559.293378,1239.073325,451.8759101,1018.950831,857.0987306,2.929665342,120.2512608,96.28611476,145.9339548,305.2490398,236.5648167,196.1710571,20.10748694,14.36035391,233.7656546,129.9464521,90.48903947,-1129.169593,127.543108,103.3639199,0
01-01-1970 01:01,5824.574197,1084.807228,941.9047187,2400.21156,8534.467536,7830.14885,-7926.051444,2377.992391,2005.955009,27.09108147,1625.9981,1412.208557,109.7625753,280.3881948,244.3360869,-36.978702,707.537993,601.2387385,198.2434624,39.15955915,34.15923204,79.51710985,214.2613931,197.6282327,-1156.668497,192.1284483,165.7617967,1
01-01-1970 01:01,6123.587286,789.8302932,622.8379784,2869.880457,7955.305979,7179.650953,-8180.467482,2152.811647,1800.645929,-236.6014606,1699.718979,1531.317577,61.43298581,179.341787,135.8463216,-131.4031377,743.888055,646.9856036,173.6192593,26.56224218,22.45693401,93.38143464,203.8467435,184.9878149,-1176.431378,206.998143,178.0360899,1
01-01-1970 01:01,6816.024551,941.099667,762.9805683,4073.641396,7625.797216,6763.849375,-8270.79482,1938.355775,1620.564025,-222.646243,1563.319793,1403.899626,-8.597569029,228.6164186,187.6287522,-103.4121928,958.4814373,849.7111467,162.6879785,40.02932373,35.10554724,133.3913251,194.5394665,172.4244549,-1167.113753,192.2432302,166.0660823,1
01-01-1970 01:01,6987.260161,712.5026781,506.4041398,4323.97797,7612.917977,6854.782359,-8145.634855,1829.945451,1459.88886,-88.32275166,1500.500718,1367.979266,38.75980538,273.8030527,230.0869271,-128.430869,716.0579186,647.6153409,159.0425426,31.29705345,26.3768091,134.1986476,203.6092671,184.1494417,-1144.625242,203.7006831,184.8742009,1
01-01-1970 01:01,7362.357199,1214.30941,981.5237816,4735.288003,7387.492555,6625.394889,-8352.101355,1998.21122,1631.551602,167.8398615,1468.614433,1311.935434,53.90750685,288.0804498,215.1248266,51.06939355,865.2990585,769.0857577,158.2185742,39.9952314,33.78769721,151.3355253,206.2283625,186.2949222,-1142.968983,193.4125925,174.4202894,1
01-01-1970 01:01,6837.156427,1456.028664,1245.913761,3406.068875,7258.858763,6411.569269,-8309.954125,1764.493789,1407.096457,379.2002346,1657.138618,1513.709476,-18.16059595,335.4302426,265.7685864,121.1483202,913.0084463,815.9317724,151.4187544,40.66109353,34.10862873,116.2378016,185.3752162,166.0311261,-1182.869027,195.7731079,165.7947554,1
01-01-1970 01:01,5895.92653,1396.531563,1060.241559,1972.954826,8430.974534,7720.475496,-8182.16412,1976.569735,1671.472953,162.1386662,1507.114001,1315.937756,27.35741471,361.5059829,305.6842779,-113.7991881,802.3508921,671.9022665,179.5751687,44.05376049,36.65344259,81.14840077,201.7956245,185.95052,-1173.572333,205.385627,175.6584059,1
01-01-1970 01:01,6572.787421,1642.294342,1424.29276,2848.566877,8036.526347,7244.196805,-7779.293521,1642.123874,1354.453534,-188.9301228,1587.702244,1407.953884,122.5632154,374.3111756,322.7176185,-223.0623886,946.3913149,821.1465767,165.6592584,45.57863047,38.55040089,99.45880916,194.2976031,176.304264,-1177.251061,204.5403348,175.787411,1
01-01-1970 01:01,6627.510573,1268.233847,1014.76716,4489.187791,7536.914583,6635.873103,-8447.665041,1601.32876,1292.867307,-182.4715424,1628.065571,1480.32261,-0.416145649,362.9418469,302.8458317,-287.8645885,819.4692588,729.476183,158.2185742,47.02700596,38.34532432,137.8357605,194.0928529,172.1716048,-1148.187449,203.1858352,175.3804206,1
01-01-1970 01:01,6980.776612,1491.851294,1161.014057,5416.127247,8067.60234,7220.569387,-7568.54072,1649.183822,1352.775301,-9.546381091,1533.248027,1318.276495,51.20256016,288.2910427,229.3308737,-112.3926158,886.2629213,755.9695129,168.9218402,48.6609437,40.11710601,167.889799,214.4133449,195.4213291,-1096.577066,233.9342768,217.5326453,1
01-01-1970 01:01,6914.193308,1313.568845,1065.876837,5455.153385,7392.921002,6584.582321,-7817.096191,1633.57304,1387.221841,247.872992,1490.278602,1333.037014,-36.40442102,363.929812,309.2178538,-28.14809142,800.2068219,715.3953125,151.9098063,38.70499893,30.90863519,177.9105862,192.4475566,173.2151316,-1108.312373,225.4555582,202.8700032,1
01-01-1970 01:01,5926.829505,1137.292888,836.2080528,4292.042953,7404.996136,6493.145468,-8628.621814,1843.288196,1509.140696,337.3526286,1746.054679,1576.306936,6.250507589,310.3302905,248.7472308,-12.90883791,682.1996119,573.7899383,175.1224103,36.19823872,29.76423467,133.874054,194.4778994,172.8494228,-1151.516614,220.8938765,190.498992,1
01-01-1970 01:01,4455.904463,1814.844196,1540.924069,5878.922818,8795.724179,8015.889299,-5944.923518,2654.004938,2190.168537,-549.8199491,1124.368838,887.2694564,58.79305673,188.043458,153.1222882,-276.7618227,452.1500368,354.0465608,155.2140027,69.57281135,54.93239035,214.5397258,260.9359089,236.2841681,-926.8395806,354.3771099,332.4604204,1
01-01-1970 01:01,3830.354329,1723.614877,1476.071599,10642.18413,3877.247258,3564.639675,-5637.991136,3435.906623,3202.376901,176.687118,383.8405846,292.7090232,-156.1877835,526.2537589,432.5970476,236.6287367,480.0544486,393.4432355,129.2798061,74.27641267,66.58679883,385.3342214,134.5944949,122.3251801,-692.3748012,238.7616076,221.9839056,0
01-01-1970 01:01,8743.494658,1379.612209,1117.3702,5970.275111,2309.114837,1952.139221,-7616.280949,1771.313782,1219.573073,232.8917488,366.3630599,296.9964885,149.7458489,475.9250708,349.9511883,-70.66985343,421.8855591,316.8373141,165.5843521,22.54301694,18.59255513,196.9034734,67.03764065,62.01435693,-1124.908262,119.1516017,110.7902886,0
01-01-1970 01:01,9879.272644,2004.149475,1313.122947,4078.5103,1799.08269,1113.402334,-2704.905078,7776.186697,6676.578307,-143.8615495,599.908187,385.7561931,653.1572357,1266.751706,911.9385702,-176.3125869,442.1668043,264.3323845,68.18962538,111.4322732,99.34794795,122.3468196,41.99267423,32.62581857,-1140.963161,229.0328822,195.2239096,0
01-01-1970 01:01,5700.554472,2351.222818,1786.737973,6750.381737,1965.024202,1454.7453,10666.63685,3209.238132,2332.768999,40.77395029,504.6834424,342.3119194,-53.01695517,703.6085362,500.5799318,-51.41063298,262.1435008,198.9747135,0.882228767,12.40865627,9.970849654,245.6424513,14.65878393,11.3627736,-679.8072028,94.11717318,77.36313998,0
01-01-1970 01:01,6933.876997,527.3772668,215.5809222,7565.286462,353.3758905,194.7073896,9518.382817,1566.623961,716.9816594,-79.85834928,307.6656591,157.9422535,105.7925459,334.9666126,176.4607347,9.604641488,40.14539022,22.93328712,9.363277013,7.511958968,6.038273309,256.0793841,7.608678123,5.802069039,-762.6534778,36.50964815,21.65954853,0
01-01-1970 01:01,6162.858992,1058.587802,606.0929943,7187.95056,1364.788019,711.5497938,10092.03959,2762.498924,1087.438841,86.04227356,479.6093832,234.6904967,-66.41684494,266.6547697,146.1270464,-4.086550234,102.4479823,43.32409081,2.896373689,7.458775519,5.561037483,252.0843859,8.076539958,5.691540753,-724.8508074,58.44985125,38.95006716,0
01-01-1970 01:01,6729.190447,138.490171,121.2423468,7440.651171,63.88126224,49.00099675,9692.748996,83.98582327,65.10800751,3.716469028,4.796431024,3.20482324,-3.502215824,9.301067859,7.11457705,0.082405078,10.52412834,7.153576681,1.318481251,6.456850522,4.949200044,250.3631086,6.887141648,5.605177108,-753.281301,15.14690457,12.66052041,0
01-01-1970 01:01,7203.248073,2651.502653,2101.128683,6436.791024,2334.309096,1670.795135,7878.660778,5258.783502,4094.424708,-14.15727485,229.8308398,160.2590196,-455.9624603,1145.354403,813.9336074,5.135237287,676.5880783,409.8904766,4.494372966,30.33636623,22.49183982,241.6890677,33.32125099,26.04289384,-795.7537024,138.8729328,108.5923738,0
01-01-1970 01:01,8580.182461,1502.961587,1146.342925,4519.24183,2757.006074,2396.525508,-8576.578639,2404.06448,1791.132803,76.73725694,327.9368934,251.5184279,-255.9711862,563.3791501,379.5256605,80.87374466,430.8355,322.2360548,139.991395,26.38017142,17.84765443,215.6882878,23.7527276,19.19596631,-1191.699638,63.86600076,53.38932229,0
01-01-1970 01:01,8949.045637,1223.404447,994.3850125,7710.046886,2023.817333,1612.275403,-2693.103187,5633.242801,5071.281999,-102.2136933,237.8012003,179.7326382,524.118794,582.3500511,492.8597642,-149.7624947,233.9959558,193.5566637,107.6069409,64.31005741,58.55335684,255.996155,17.51478111,13.38723894,-1060.339103,75.39345076,60.14136855,0
01-01-1970 01:01,9895.402449,445.2272006,336.4970329,8563.020614,374.1675075,302.6817039,3886.367533,928.1243104,528.6860757,-0.049937477,84.95005429,48.87181163,3.345810985,285.9549165,144.6778608,10.39531821,109.7320325,61.51914362,15.4223576,7.593558412,5.847179229,261.8388398,8.440619028,6.781509422,-994.9126852,18.93630871,15.20146756,0
01-01-1970 01:02,8638.459497,2587.118241,2047.307568,8750.219571,1718.787576,979.4798409,1703.533812,3316.869054,3048.283495,-138.9759996,261.2879466,214.6758887,-399.8493815,636.3618801,494.8730768,-194.1985267,306.4767239,262.1124972,71.05270743,78.02327848,68.92686902,273.8321573,23.49657075,16.2083735,-966.0405003,99.36689668,63.98156065,0
01-01-1970 01:02,4015.36436,1816.130881,1316.824479,10290.74081,4979.212571,4054.324747,-6764.588949,4060.159917,3407.325468,343.1536989,627.5926151,530.5407537,33.55798481,389.8695085,279.3855377,162.7212701,370.1809005,303.4640577,159.1340947,59.8040004,47.27081611,345.7920623,125.2376651,108.0160953,-898.8246558,328.1010763,290.1860154,0
01-01-1970 01:02,5892.589042,603.8998612,495.8425298,2933.660339,7747.677326,6771.844865,-7700.933296,2276.921963,1937.430303,152.983462,1440.981319,1196.43421,33.13351626,238.3341775,197.4484577,50.46182091,670.2588558,561.7155556,173.3995674,31.00598214,25.84031414,113.6576986,213.8491276,193.1242051,-1182.552757,158.1551986,135.5509546,0
01-01-1970 01:02,7611.545212,1627.831597,1319.201836,4101.980915,7839.071374,6902.909769,-8185.917754,3127.877168,2632.320954,-281.0564457,1765.142312,1528.848189,150.8195047,187.8232248,152.6803415,-191.0191739,966.0988429,852.9054807,146.3584233,34.7960092,27.88675196,116.9702179,203.6541189,180.3854875,-1161.329329,169.7929132,153.6403064,1
01-01-1970 01:02,8186.225701,1659.231092,1383.123971,3969.604985,7265.349777,6479.921525,-7850.612562,1498.40193,1202.147224,255.3136761,1504.096909,1355.110711,41.62288741,342.6707301,280.2233221,159.8415422,959.1394805,851.8734395,140.3159886,38.34075312,32.78994641,138.2019687,182.4446056,162.0329652,-1169.435846,178.5613332,157.310378,1
01-01-1970 01:02,7412.785729,977.8539203,718.6948481,1768.818741,7949.218047,7099.822897,-7173.593535,2462.584287,2177.90589,255.130572,1642.451982,1435.383541,-8.647506499,246.3187654,193.982131,150.7778901,919.2994967,800.5064185,144.4441534,33.78927764,28.92961295,61.58955546,209.0343103,187.6151026,-1220.02251,184.1075742,154.8148358,1
01-01-1970 01:02,6826.428192,1310.447074,1132.845491,2277.115678,7624.873481,6864.504852,-7743.063881,2027.689037,1699.760703,-233.0249154,1612.722494,1411.484796,79.53375568,340.371942,253.2875462,-181.0400014,723.6189727,622.2868859,161.3479895,45.58432556,37.68415211,90.11217797,194.6822043,177.1045953,-1196.759969,198.4579603,172.2969479,1
01-01-1970 01:02,7407.042919,1434.742636,1146.712296,5971.2156,7154.237101,6243.155793,-8192.159939,1655.807519,1326.69895,-257.0198733,1564.732102,1354.31504,-11.9350571,404.0963447,309.8057844,-291.160462,939.4482664,811.8808442,147.0325793,41.55621613,34.51245647,181.3479492,174.4571976,153.5289457,-1119.107191,205.9510071,186.8069478,1
01-01-1970 01:02,7174.558993,1267.70916,1062.885915,4699.582706,7340.602753,6297.139204,-8414.864442,2640.584085,2153.923916,475.1717433,1637.913309,1473.825411,64.93536645,302.6308114,253.9993217,124.0613397,1027.35001,911.8679919,143.1124873,33.92423089,27.57713961,153.6076805,186.0018665,164.4381206,-1164.084213,187.2178526,165.3313356,1
01-01-1970 01:02,7002.690841,1453.158498,1271.628732,1654.853095,8460.74132,7693.170016,-6641.04363,2861.21031,2501.345938,160.0412922,1585.577117,1421.573665,106.4916706,194.076647,167.5327461,64.95201227,1083.238105,959.5319824,146.9826418,33.53644568,29.14351181,69.10514581,203.6390366,185.2955068,-1199.531499,195.2296152,166.8437754,1
01-01-1970 01:02,7302.865018,839.0125044,695.4875707,3993.242058,7798.097781,6914.493766,-7418.178976,2447.996429,2002.996879,-401.8219119,1752.119919,1577.07847,33.15016208,334.2126417,278.3952776,-305.5091639,1014.370109,901.2729238,134.8561577,37.9384935,32.98470257,124.0446939,189.2884471,168.1707806,-1170.867387,204.8790129,176.6488326,1
01-01-1970 01:02,7495.407285,950.7005557,776.6734246,6251.4564,8183.26738,7250.71298,-7296.364823,2633.502901,2034.389575,59.40062934,1626.591535,1465.729381,49.40481098,310.1525011,266.1121562,-206.2833962,1009.53739,881.1576085,141.7225609,36.50409468,28.47901045,172.9501301,200.3493388,179.4420021,-1083.884624,242.8277037,226.4033724,1
01-01-1970 01:02,7293.693168,953.0465835,724.3449407,4839.316091,7830.612297,6848.372384,-7253.593373,2394.352601,1848.355659,470.6024641,1770.422233,1619.202397,173.6991922,313.8543525,244.2325499,163.9280925,1115.983859,1007.892767,134.0238664,32.75227338,25.99345573,137.311417,188.3621303,168.2243801,-1150.251532,224.7876826,195.5584907,1
01-01-1970 01:02,6639.054454,741.3977202,633.4342625,2208.884438,9143.013368,8399.116825,-6455.192985,3101.074705,2739.122737,157.6526162,1667.211264,1476.889575,-13.84932707,318.3276834,239.6492882,1.298374387,956.220615,840.131474,151.6767647,38.05554966,30.29606879,67.25745915,222.5853135,205.0119881,-1171.916074,221.7338959,190.2977439,1
01-01-1970 01:02,3796.50908,2568.620555,2174.421004,10835.12235,6664.754921,4795.108096,-3365.67885,2446.395739,2061.204912,-675.9194136,867.6604826,736.9809238,79.84228028,354.618257,236.9080727,-543.3873263,692.6407852,569.2965435,161.2997001,39.64940313,30.8146039,394.0775651,228.7444348,176.4953597,-595.2942851,420.7994538,364.4296865,0
01-01-1970 01:02,6144.382126,2269.263392,1918.24266,9788.219976,2882.060333,2258.960575,-5128.770356,2469.257268,2053.854871,84.73557623,471.732822,297.7776771,-292.974857,416.3485148,321.0736768,334.6227131,333.8252554,269.0364949,161.0899792,18.795551,15.61628147,318.8258245,27.58172868,21.29683599,-757.3434593,161.7710903,116.6855743,0
01-01-1970 01:02,8948.113471,2113.844181,1665.761104,7721.232881,3143.701017,2301.613673,-5316.443719,1782.649944,1496.698773,216.5122562,343.4372774,257.5934884,128.8553375,942.4091708,595.2274314,104.7438588,341.5066125,271.4318292,144.4691221,44.25059713,39.5161917,259.4251951,45.46836147,38.6516075,-951.5336631,146.8860981,134.9240727,0
01-01-1970 01:02,9566.930368,1137.455294,938.727863,2884.938007,1353.124925,1117.61739,-8605.658897,947.546965,730.6372293,-8.822287674,243.8987174,191.9463465,41.86425189,293.9142618,243.0423733,-133.5577833,205.0330309,174.3743469,137.3696774,27.91762168,22.97956252,162.8710825,16.76214822,14.06022968,-1230.101558,27.84235053,21.98081291,0
01-01-1970 01:02,8448.94677,1106.328731,850.6671166,5591.765678,2867.713505,1914.319239,-8111.477621,2475.394442,1598.899483,32.52594361,297.7972799,215.4369358,35.75523382,584.2630836,437.9956218,93.38308273,423.3139947,309.675614,168.5140175,30.87917612,23.5535106,191.1939551,28.75440026,24.02192413,-1204.225622,33.41129491,28.78462774,0
01-01-1970 01:02,9952.456017,646.9708071,484.0489623,3488.590557,454.6973625,354.8340748,-8186.833274,616.4739164,428.6799518,-8.98874593,172.5667959,131.9015236,-20.94044886,241.2245506,176.1960661,-39.1593052,198.4548675,124.6522665,135.114168,11.10743958,8.683128561,158.2352201,13.55222158,11.00222501,-1255.636255,19.16603321,15.97749605,0
01-01-1970 01:02,9155.279096,755.3352468,557.9780683,4044.461263,1048.297525,793.8670645,-8735.238328,503.8357718,376.3379849,-40.04153397,253.9977383,183.2031265,-7.532236174,191.2796487,132.7546222,3.620467109,205.1824818,140.5640114,147.0492251,13.71572949,11.09810497,202.4215647,22.69056383,19.90358037,-1210.692525,25.68548031,20.403621,0
01-01-1970 01:02,5421.212547,2472.061578,1887.253792,9915.89346,5902.075741,5305.315984,-4433.815452,2812.144444,2334.639657,67.25745915,831.4189,648.6358965,109.9956169,446.7528344,328.9794453,-40.84053363,768.9442443,607.7118008,128.1811816,34.34569879,28.00477086,360.7067222,125.2726037,111.4975697,-773.9143789,385.6416341,344.8156181,0
01-01-1970 01:02,5187.371986,1258.241629,887.849064,7838.144838,2063.666796,1600.988035,-8966.765119,1205.156337,965.3343843,-148.9551722,299.2366179,234.9691478,-56.13804752,417.3560602,302.9864889,-43.73690729,226.1507875,141.0034612,155.0308986,18.24527407,14.09568528,296.2956992,48.83033503,39.63371123,-1048.029515,78.58895406,59.62651315,0
01-01-1970 01:02,4728.28011,179.1608186,146.3740705,9474.870629,221.7260654,179.585822,-8140.066827,380.7954685,297.4312775,-30.66161113,84.65780036,62.46179673,-5.143560171,71.67214113,50.29003599,-15.38906595,33.38997215,23.56016892,153.5410972,8.463368594,6.535817034,341.1561998,9.260072998,7.505602861,-971.0592168,24.12205129,20.01211119,0
01-01-1970 01:02,4307.49028,129.7154515,102.1707471,9972.472622,169.091116,138.0463303,-7713.450957,166.2303507,137.6310169,-11.25257824,17.30187487,13.98182784,2.363707264,22.12551203,17.60862036,-15.82185742,11.79976259,8.764859575,158.6347199,7.407491655,5.712847401,351.8428199,8.377062666,6.815466905,-932.1912135,16.52578473,12.63900909,0
01-01-1970 01:02,4025.435084,94.10743063,70.53901726,10368.15222,144.0903018,120.4372103,-7381.766232,154.1319404,132.1858343,-10.03743296,17.68123454,13.11990698,6.28379924,30.89773317,24.18139114,-7.2908717,15.89017093,13.26272816,166.2834768,6.013728181,4.762870148,360.340514,9.509744046,7.147717604,-907.3639644,17.07452604,13.19015235,0
01-01-1970 01:02,4348.314167,337.752223,257.4125483,9591.199982,555.387682,446.5176187,-8218.734999,571.6089935,442.1494211,83.11260822,189.0290371,143.0708728,13.23343151,108.7030152,88.52583077,26.30040477,61.48642678,50.38358553,162.5631348,8.904436403,6.660993644,342.6210324,13.53927684,10.78016971,-958.133733,41.8792155,35.86842544,0
01-01-1970 01:02,4258.601489,247.0519878,204.5472366,9168.038122,381.1787493,276.2517946,-8554.0069,337.8822093,249.9197627,-40.20799222,107.738823,73.35948597,-22.82975009,86.9446587,66.05196844,-14.68994127,46.85870443,35.55132245,156.420825,7.787681557,6.053420998,347.0238534,11.84526339,8.998733419,-1005.724149,32.83470253,24.99703672,0
01-01-1970 01:02,4283.894822,882.312761,684.6915874,3671.195266,7743.88597,6943.591501,-8220.615978,3648.41073,2540.895421,310.1450263,1536.319635,1146.745588,14.43193097,230.6215732,166.3926734,31.53551698,443.9610646,321.8775037,184.1278021,30.13825017,25.75026023,155.2223256,230.485497,210.7444775,-1115.120516,158.6207176,150.2195891,0
01-01-1970 01:02,6185.131107,1862.993033,1559.107137,4366.591284,8007.629293,6938.994257,-9151.733535,4391.566759,3552.730752,-251.8346985,2043.532884,1770.329849,45.51801065,237.5563844,204.9235987,-196.3624841,757.4725038,668.9611156,163.3371657,42.79732769,33.53301608,134.0904497,214.3480945,188.6389873,-1132.3323,179.1247902,161.389604,1
01-01-1970 01:03,6344.206941,1343.546008,1129.164932,4165.634552,7311.696158,6372.668973,-9094.580093,3350.249024,2577.3338,442.6041851,1811.979359,1656.791834,82.55497306,218.6910108,182.8429108,141.4811964,869.2764577,783.0291338,139.8332596,20.41278425,16.6881062,155.0974819,178.8268815,157.0383852,-1159.148725,197.7839328,170.6949536,1
01-01-1970 01:03,6082.293195,1302.71022,1159.303032,1331.807554,8142.995446,7470.974043,-7590.746252,3642.758017,3200.015191,148.1395267,1623.084793,1443.584773,75.9382573,330.9896103,226.3645876,-9.662901882,759.9289388,683.4599628,155.6301483,30.19499369,24.01177017,84.31943059,213.0136159,194.2702702,-1194.712532,175.1829782,150.9901244,1
01-01-1970 01:03,5994.48325,1286.958234,1074.658658,2505.96315,7425.590331,6727.652735,-9049.544399,3302.671367,2775.220601,-468.3080594,1933.462063,1764.989823,-40.82347575,240.795733,187.7347597,-239.0488914,580.4807903,529.5976931,168.1887646,41.09541944,34.13202023,95.94423257,193.536884,173.0557228,-1193.242014,170.4467916,144.3175637,1
01-01-1970 01:03,5776.559313,880.9593783,664.9508032,5210.542976,7368.876461,6475.388034,-9841.478296,2920.94387,2344.489325,8.580923152,1738.291381,1553.835903,-39.63371124,229.4038652,175.490616,-42.80474104,408.8281047,325.5246041,162.4882286,39.98112029,32.67359209,172.5173386,186.4157992,165.712525,-1090.917485,207.1600962,190.8111011,1
01-01-1970 01:03,5077.434629,573.1495552,471.9041677,3809.863317,7336.453542,6388.024081,-9277.093249,2687.326277,2107.946647,416.9779363,1822.282507,1633.654636,76.09639265,371.4059313,280.4928181,114.6065106,535.8406462,499.2782282,171.6767244,21.70538905,17.86163692,145.3679967,175.4656889,155.0119224,-1165.457493,193.8246934,166.2468561,1
01-01-1970 01:03,4792.008654,868.7015113,702.2827297,1683.999936,8999.129603,8279.725305,-8143.437606,3272.004626,2933.489886,143.5785705,1731.044081,1494.495366,17.12023183,359.2440639,255.8591598,-8.014965126,551.1097125,492.5940969,189.679185,38.11881627,32.75399143,84.50253468,213.5006461,196.021744,-1170.834095,203.6479586,174.6872885,1
01-01-1970 01:03,4994.388604,1356.869342,1139.202532,2810.17328,9082.781806,8232.753115,-7714.041884,3496.43377,2987.893105,-328.9714553,1990.232051,1788.085952,153.4412222,350.5407368,288.2451121,-208.5222598,971.5882675,851.0920844,180.6405016,39.06012662,32.80958848,92.78383301,210.6391997,189.679185,-1164.799983,222.0280773,190.3839692,1
01-01-1970 01:03,6050.524637,1373.408363,1187.505888,5916.10127,9316.77274,8226.906435,-8005.9847,2625.21102,2186.750483,-281.4642684,1910.283356,1691.309784,22.97956251,364.6321719,297.5922426,-266.0918483,1050.53028,927.0927636,170.852756,42.10500965,34.83238924,157.5444183,205.6484263,184.8667103,-1084.600395,248.9657923,224.3457818,1
01-01-1970 01:03,5403.160148,995.7744682,828.4664121,5672.206631,9585.782609,8507.497963,-7671.719872,3175.196028,2525.85908,138.0355105,1897.287376,1644.100724,54.11557967,295.9783542,239.6682645,-35.50554642,952.1027952,807.1331218,178.6180338,41.13851079,34.21915702,151.8848375,221.1094893,199.9093766,-1054.171825,273.7750132,251.8771454,1
01-01-1970 01:03,5484.658112,1047.221733,874.5024409,5791.157702,8752.459693,7665.035907,-7649.023288,2328.344361,1803.555916,408.7299296,1927.181925,1727.601512,111.0692727,304.5201788,262.1925636,135.3305638,1059.672618,915.19749,165.218144,34.97914471,29.64738096,161.589354,194.0966915,171.6758921,-1112.606996,259.7287409,224.7685858,1
01-01-1970 01:03,3738.01161,1557.480601,1374.300518,7861.041171,9449.811042,8262.968951,-4300.507356,2367.134757,2123.342538,-503.6860429,1440.940276,1172.549614,149.8540468,331.9855992,263.3094986,-302.8708004,898.461626,724.832497,197.610921,51.40415094,44.81905242,277.3610724,282.8592725,242.8792443,-862.0789953,365.2450524,341.5991452,1
01-01-1970 01:03,5115.420404,3578.968999,3004.777965,10806.51172,4790.59284,4165.952488,1466.522222,5542.136471,4675.67747,-44.56087568,648.7111794,446.7253587,353.0579652,1239.608106,865.6661707,381.264317,770.7416539,610.1078009,76.17129886,115.5261618,108.6859233,452.1422433,213.634381,203.7490693,-593.0408358,198.1666398,187.5818109,0
01-01-1970 01:03,13099.391,1264.847573,821.6412914,1917.815528,1013.534738,703.6197224,1812.98844,2861.614117,2407.011879,-141.8640504,239.4776274,171.5676942,-263.6032974,459.5448208,360.8309,67.04106341,286.751924,203.7091193,-49.19673815,33.59083483,28.15990997,151.5602439,25.0572754,21.35825909,-1028.811909,92.87674409,74.27766972,0
01-01-1970 01:03,13259.5072,420.9124273,260.3210733,2383.865359,1412.524855,1027.34974,398.9338611,1522.75746,1078.34456,-83.19583735,161.910501,132.8549965,-54.22377754,405.3153256,265.7947203,102.2136933,239.6625153,183.9948019,-18.41028333,18.8701941,16.04524441,178.8094607,16.69900749,12.26064945,-1036.968364,30.71587369,23.02716958,0
01-01-1970 01:03,12593.0333,344.4830378,280.3729683,-1636.301322,478.6524091,383.0357658,-4122.280499,728.7433744,607.9471727,-25.34326978,59.29302907,48.21546672,-69.91246836,181.6359563,150.5282027,0.624218469,90.12273181,75.25577844,4.769029092,14.3109005,11.83767902,124.5274228,10.83095582,8.647173592,-1122.677721,19.55817454,15.87013025,0
01-01-1970 01:03,12737.48578,927.9424975,728.8314904,1907.137231,2098.938795,1878.396881,-2195.051757,2623.467832,2055.903306,334.0983696,433.7586833,325.6849034,194.2151725,521.4264272,430.3045844,-153.5410972,255.1574554,220.0911087,-5.476476688,35.28876603,31.08674551,134.2652309,43.3271179,36.25061359,-1118.233286,61.63638049,48.49261972,0
01-01-1970 01:03,8474.997488,4033.387118,3588.063349,-2224.54816,4642.496081,4153.95917,-6494.843342,7043.132377,6330.392071,102.5715786,1447.852228,1153.391933,-325.3509882,931.0663386,617.3522308,239.3336834,649.7723307,515.1403686,102.9794013,85.46436314,75.44487502,7.132736354,103.8311965,84.56229319,-1299.048568,54.64959464,48.82020952,0
01-01-1970 01:03,7614.533137,1001.441537,737.9300985,1235.386608,1860.201062,1170.910666,-10668.90068,2171.331718,1162.435277,-252.8251252,584.801282,430.3442015,7.906767248,339.8764674,242.7044631,-146.7912148,236.4631157,178.1932323,159.6917298,14.19346611,10.83177175,140.2993428,51.82278039,31.62423923,-1287.93748,28.44647076,22.19021756,0
01-01-1970 01:03,9693.938019,650.0451676,491.8005901,3940.832675,1298.482711,987.811243,-7716.28907,1375.797447,1067.20018,-56.39605781,215.2926152,151.3971148,128.7221709,499.520631,357.6342357,-187.3071548,340.6432914,256.9216629,122.8794861,10.96880581,8.437436184,178.7512004,11.96017705,8.97925782,-1258.898837,27.84531587,19.81252773,0
01-01-1970 01:03,7066.494291,1998.136153,1594.951592,8736.029004,2809.298872,2490.714914,-7145.77836,1872.026201,1434.123952,75.4222367,396.5035751,318.8404728,56.49593276,571.2717678,428.8816992,52.91708022,536.2788623,464.3116736,189.2463935,40.22119882,33.54300357,212.0927894,35.24945991,32.72303019,-1183.543183,72.9285163,67.30689726,0
01-01-1970 01:03,11386.18159,603.2664366,406.6400152,3574.798217,589.5596161,415.7104483,-5652.666986,477.4562978,387.3577165,-63.91337867,146.5765068,103.0884265,36.3406395,258.7394382,154.5718558,60.50180843,155.6209673,126.6699858,68.35501238,17.71887888,13.33820018,156.7674208,14.52370201,11.74329477,-1243.550314,23.94328991,19.07783618,0
01-01-1970 01:03,9058.00089,2676.89854,2094.050712,6925.495824,3099.966177,2304.348249,-5329.202744,2094.589873,1403.431213,-28.08150812,341.4345509,246.6628405,56.60413064,527.7242376,388.3396253,-314.7475971,368.9270965,326.3968454,128.4142231,39.25140055,34.55107477,239.5167874,41.45242768,31.39935412,-1071.624973,90.55615443,77.76796651,0
01-01-1970 01:03,1906.795991,874.8734268,601.8481422,12653.56585,847.8554727,515.760426,-4821.188787,1545.693902,883.3809915,-29.08858058,183.8278464,111.1208747,-75.97154895,177.7792521,125.1060317,-51.06107064,140.333055,107.7126419,195.4386407,16.67496412,12.74038214,644.4098542,102.9819514,88.12033846,-653.8563603,76.97735703,59.49567702,0
01-01-1970 01:03,3500.517291,1137.141675,996.2400233,10280.10413,3128.232239,2688.989338,-7118.004799,2127.879723,1678.588378,142.8211854,375.2630804,309.2461517,-128.6306189,339.6871758,279.3460871,186.0920095,240.0199633,210.6407741,155.1474194,20.85014566,16.4492386,415.2467704,128.2943573,104.5963768,-903.0194038,200.3906842,184.0675442,0
01-01-1970 01:03,3857.578577,831.3449992,601.4020341,8662.029986,1535.866347,1093.358596,-10210.72433,1831.449862,1492.116344,332.7583806,831.8935,623.4922101,127.5153485,297.7070323,219.4325999,123.6035795,386.2694563,290.8981238,164.5856026,9.572811807,7.436522681,317.1445961,78.96343468,48.52924053,-1084.325738,94.76102761,65.71206068,0
01-01-1970 01:03,5722.077525,2290.843318,1994.957778,-1567.720519,7934.100148,6974.324356,-5613.055689,7662.319058,6756.302657,330.52784,2088.879322,1889.935601,81.10678621,572.1464791,484.1563278,176.3209098,990.5903626,848.617516,161.972208,40.46178795,34.91994628,-63.29575261,233.1554592,208.5089431,-1204.924746,114.2110129,99.50142241,2
01-01-1970 01:03,5702.909857,1828.904967,1614.4873,658.3340877,8751.029221,7850.263499,-6611.796914,6221.327638,5417.201735,-513.2740385,2056.328092,1869.406137,-49.47971718,630.0647171,542.0654912,-310.6610469,1222.054049,1077.258587,142.3218106,32.95450585,28.09815395,4.119841887,228.4569149,203.9180244,-1197.783687,144.6277597,113.1373501,2
01-01-1970 01:03,5595.577572,1191.34952,955.5885863,4430.436349,9126.183176,8121.235404,-8606.682615,5181.339879,4380.53466,-339.7662733,1859.626709,1686.779789,4.760706168,612.9742559,539.2688259,-172.2593283,1116.623756,974.2718611,138.2602291,24.08792223,20.58023319,120.6988829,224.9111785,201.2124119,-1137.117975,201.1481195,176.9742585,2
01-01-1970 01:03,6387.57764,2279.200025,2023.985768,3811.769264,8562.006782,7443.85433,-8043.562651,5622.476764,4862.340264,497.6103165,1854.451702,1610.486975,214.8559965,595.983711,529.4953958,174.8560771,1244.704597,1056.836822,134.8561577,30.45525321,24.47469059,95.38058183,219.3053929,192.3624921,-1170.47621,162.2408555,136.2772119,2
01-01-1970 01:03,5449.402253,1139.130626,953.7866757,178.5764192,9678.11005,8801.624877,-5811.823495,5987.892416,5307.933707,103.1708283,1936.949464,1710.195472,123.1125276,635.1183324,552.1367151,144.094591,1178.28594,1019.791703,132.6589087,24.97991608,20.47053719,6.475226237,230.8078269,208.3265049,-1201.637196,159.8345964,126.7096906,2
01-01-1970 01:04,6272.31362,1152.702674,856.7240331,1767.961481,9314.928142,8468.998831,-7298.969895,3336.000353,2845.942497,-245.2429515,1583.461898,1375.854073,82.17211906,571.4083383,442.6617797,-104.2860986,1273.428947,1091.285358,124.8769852,32.05294018,27.19728186,76.92868394,206.9819397,186.2253426,-1203.268487,201.2935223,167.7959165,2
01-01-1970 01:04,6138.148264,1395.749568,1129.519155,6393.836471,9412.606127,8204.044725,-7506.73477,4065.642328,3384.118358,-334.6143902,1879.328685,1649.01607,-54.11557967,606.1073224,466.9793337,-511.2765395,1373.062175,1207.571433,141.7142379,43.51613373,31.53734802,151.1440983,214.7139471,189.5160559,-1105.540843,238.7362803,213.3768484,2
01-01-1970 01:04,5567.005012,1887.178535,1571.095128,6146.770802,10045.06486,8800.082808,-6809.349574,4425.531315,3587.445122,371.235207,1816.864367,1591.952847,75.38062213,503.5979069,379.0530855,133.9656061,1592.549281,1342.024428,145.2764447,46.19080328,36.61249384,148.20611,234.5111894,208.5855139,-1086.73106,228.2505739,203.8203135,2
01-01-1970 01:04,5938.87276,991.1331084,798.3541133,4505.983429,9667.008759,8796.01307,-5921.070049,2638.633726,2071.379596,248.0727419,1794.043773,1538.263068,192.2093505,363.2334039,266.7493585,253.8738122,1399.322699,1214.381906,152.6671913,56.91957107,43.54697842,115.3555728,214.8951893,193.1748084,-1153.58902,252.6321916,220.1650162,2
01-01-1970 01:04,6340.469953,1172.266714,952.6867195,4049.038865,9236.212119,8597.063658,-6328.293532,2254.017862,1899.833042,-209.5376552,1359.877555,1159.611479,41.63121033,385.3911293,314.7565859,-50.47014383,1334.175357,1108.819072,144.7937157,45.57932666,36.62065031,130.0704828,193.6588363,178.5524492,-1157.866997,228.4211393,205.562632,2
01-01-1970 01:04,7085.362335,1728.034877,1426.806946,5822.185521,8669.868215,7471.866425,-5239.47342,2831.606115,2167.749273,44.57752151,1420.534049,1223.86703,-44.18634459,420.186483,341.6229487,-232.3840511,1581.332842,1417.098934,128.6472647,59.6290937,50.71833309,154.5065551,198.9711492,172.4940344,-1089.868798,236.3208558,215.7485457,2
01-01-1970 01:04,5877.932392,1885.226987,1651.22264,7685.461001,10025.92253,8486.769416,-5058.15044,4641.191348,4118.693324,-90.13714671,1759.082765,1433.836478,83.52875386,609.6323452,510.6120381,-454.5975026,1932.105906,1607.570627,161.8806559,90.38841949,69.10514581,188.2143523,236.9369576,207.811816,-1043.98458,244.7292484,223.0732084,2
01-01-1970 01:04,3988.780976,1802.206047,1376.498766,12746.23316,2918.586844,1995.745292,-302.5045923,2815.361475,1950.846506,-15.89676364,296.7746636,208.4706577,434.9054907,1111.453492,679.0095348,332.2423601,465.6470719,411.1340862,88.58076199,82.25989857,58.67304032,493.3073705,126.1042781,107.2701958,-488.9961016,258.720322,220.7193222,0
01-01-1970 01:04,11898.31267,1783.614555,1362.28208,4060.930495,1537.103471,1277.115697,1532.462518,4258.676667,3967.911235,-341.9151505,428.2785255,338.1054251,-439.6393328,580.7656446,435.9563153,-30.39099285,339.0843912,251.0939846,-11.13292607,50.28373795,42.60456769,221.3647616,14.99162266,12.40220903,-856.6502311,55.91361023,44.50037403,0
01-01-1970 01:04,11042.69102,2065.634461,1735.154889,5564.774471,1609.563888,1191.987111,-3329.265035,4172.366586,3489.609614,166.7828516,300.6610291,255.715007,-43.63703233,1264.298673,973.8082749,-100.3576837,426.5796454,350.1266353,80.59076561,58.92033043,50.72216163,234.5063939,12.17544088,10.23318787,-957.659327,58.29480733,49.37801119,0
01-01-1970 01:04,9823.309377,2128.546946,1879.414274,1688.427725,4026.557036,3800.705616,7654.20014,4133.297847,3308.851926,-200.5239405,271.6602566,210.4819729,593.1989711,754.8446934,577.8129014,177.5277322,185.9811445,150.9593296,-58.20212991,62.91465295,52.33780549,175.347129,40.3544263,36.98702493,-743.1528928,189.6497898,163.3604698,0
01-01-1970 01:04,5936.325949,285.3144673,242.3555666,-3080.176898,279.2394245,255.8263675,12404.02827,93.10775483,71.77047547,-7.906767255,24.67373237,11.15270329,29.87925731,22.78602054,16.80562573,28.97205981,35.86746308,22.46287608,-107.5320347,6.972486094,5.503109993,104.6606297,10.49004241,8.148131717,-466.7156638,18.76565052,14.68161835,0
01-01-1970 01:04,5483.451289,50.43948243,40.34615258,-3534.57465,61.20881472,45.98575835,12497.35309,29.34307473,22.55176464,0.391176906,3.353154227,2.664830252,10.01246422,4.379304467,3.291046219,1.248436935,4.439674965,3.478977592,-110.5282833,5.831441002,4.64418538,91.15254209,8.87499903,7.364113339,-454.1980028,17.3735497,14.3819935,0
01-01-1970 01:04,5445.307379,31.81684593,26.1014872,-3624.46211,44.04929398,36.19135445,12490.72806,28.41967137,22.91530941,1.897624141,3.350283773,2.618055482,6.899694794,4.428305114,3.577520881,-2.796498734,5.961404197,4.977767747,-109.4795963,6.699627649,5.251425109,88.95529308,7.369876964,5.720837412,-447.8392973,16.43033879,12.58624181,0
01-01-1970 01:04,5914.836188,1631.453037,954.8102276,-2928.375289,4115.250037,2177.72262,12023.73774,2336.17691,1132.858308,215.097361,500.6181087,283.4591042,-126.4250469,654.2432386,283.7780382,-9.920912183,372.2068047,203.4206471,-121.4645909,14.62380173,12.32856443,88.37268917,29.37319549,19.87777934,-487.7809563,81.33287568,56.18498873,0
01-01-1970 01:04,11168.74986,2485.31262,1833.932551,4672.882802,4354.409121,3769.232854,2533.070218,4072.842629,3252.508968,-256.9782587,754.9050845,353.5360333,-483.4863333,1333.098842,669.9167525,-275.3469275,724.5344908,503.5838375,-2.704946698,121.7932155,109.1508412,199.8747533,76.27427819,70.2720182,-882.9278921,71.8860464,55.86738639,0
01-01-1970 01:04,8538.026907,1988.627404,1522.918945,9866.413743,1880.090576,1588.00246,-2093.087751,1846.599716,1573.072153,118.2769152,901.1257245,536.3666262,174.4482544,862.0977138,564.4532945,-221.9887328,874.1990495,631.9254848,168.9218402,37.41206322,31.56314905,246.3082844,33.33131313,29.45645333,-972.2493934,143.9489807,129.1909174,0
01-01-1970 01:04,8751.051862,2726.484626,1883.001282,1589.459968,8123.673272,7434.333417,-4085.210245,4269.53424,3567.699677,402.0299847,2110.680464,1515.693658,68.9053959,1357.532306,848.2280036,520.1737333,926.2212238,685.8644523,125.4179745,84.6093509,72.27534333,73.11678983,161.3804782,148.8877566,-1146.864106,203.5276267,186.1076567,0
01-01-1970 01:04,8599.516587,350.0274833,254.0282854,-6932.212415,323.2763207,223.2962625,-7630.862692,388.2916049,300.3156662,-18.04407517,49.83127957,29.01567187,-64.17798138,90.5697969,68.88641966,-26.38363389,59.54563315,36.82223125,55.4888603,14.40942343,11.46597773,-4.41946675,11.82120908,9.086623388,-1343.62609,17.25618684,13.99630958,0
01-01-1970 01:04,8805.025953,1756.825546,1371.251169,-1982.30978,5055.803556,4396.661969,-8377.536177,2575.937287,1979.791932,-197.0699316,706.9399746,530.4105833,100.3826525,539.4875115,414.5003716,-213.7823408,740.7887912,454.4952972,100.6573086,47.47161369,38.44486635,60.9070766,75.2122943,66.25604626,-1331.408054,64.91308277,54.63293185,0
01-01-1970 01:04,11894.79917,1317.64704,965.2393366,1058.857625,2363.535771,1819.51094,-5628.386495,1303.872801,1034.820387,273.8820948,322.9557193,266.0810285,-80.49921356,281.9844528,213.0792211,119.63355,422.3068373,292.9232549,34.38195319,19.79825621,17.06163853,68.41434404,66.95427872,53.64616739,-1326.713931,32.91166792,25.71946531,0
01-01-1970 01:04,3444.05465,5852.68509,5048.199566,-9187.771748,4618.150506,3574.017601,-4091.685471,6042.508113,4963.829365,-321.4725108,3021.464759,1726.708963,-50.78641452,2704.558089,1688.933093,278.3265303,2247.598737,1148.406342,137.4279378,129.467345,102.4956736,-146.008861,154.5774973,131.2581625,-1199.04877,127.0233841,107.4001998,0
01-01-1970 01:04,-10852.91196,1081.570409,811.8968244,-1642.709965,1568.162471,1101.41967,-7964.228646,1021.233598,730.7391017,-39.85010696,414.8751133,252.0730667,-13.95752492,330.2864028,193.5301968,92.45091648,734.4011967,417.0065671,365.5839491,24.63964337,20.11231903,254.9724367,25.54124127,18.09983868,-909.6361196,44.62394478,31.69265357,0
01-01-1970 01:04,-10768.99203,1970.885835,1286.865321,-3328.790629,1787.256795,1106.432227,-7160.251905,2077.256361,1329.041683,-30.61167365,300.8169287,208.6817268,39.20091976,367.0632009,234.509723,-10.72823473,202.973474,135.1314797,417.6937068,14.40552118,11.76094176,214.5314029,10.93660813,8.743053535,-837.4931106,63.68346974,57.96076543,0
01-01-1970 01:04,-10079.24727,1724.740551,1264.008772,-4271.510327,1456.052773,1068.242708,-8159.883682,1369.358547,1081.591828,-54.61495445,249.7219031,185.0786117,-89.28820959,357.2079314,237.6264875,-99.11756973,276.4062613,178.5043428,416.5617906,19.24331901,14.72323292,190.6279971,14.94660377,10.94429754,-891.0260863,63.00744911,49.63935066,0
01-01-1970 01:04,-3795.248282,3488.278447,2600.044698,-3000.867861,2293.348915,2000.887354,-11761.11654,2189.681617,1679.902899,-71.26910315,725.2024364,542.449011,264.693599,619.1095702,477.2183476,-108.3143885,394.6410748,274.1514243,410.9937619,23.32087251,17.95801624,150.694661,30.32109803,22.36599738,-1038.025374,135.4424594,93.98516228,0
01-01-1970 01:04,-2083.488795,474.255015,336.9641555,-1391.360303,687.6139407,560.6691398,-13102.53929,716.7927901,529.8267955,10.71266017,207.1593139,131.1583702,38.38428543,75.43822205,57.80577535,103.9704872,162.2539727,131.643989,332.3314399,33.83538842,27.39291661,199.7663906,16.68156772,13.23050247,-1075.468676,21.38564202,16.06393168,0
01-01-1970 01:04,-1969.326036,130.9823914,114.5407596,-870.0523458,238.1619871,200.6035075,-13164.50947,200.3969598,155.6206605,-8.597569027,34.41541588,25.03815179,0.416145645,21.68011542,16.01328442,-3.64543585,16.62175602,12.69776884,313.8570455,7.209795246,5.721170312,211.4352793,8.913892346,7.06715181,-1073.938743,18.71117044,15.28586191,0
01-01-1970 01:04,-2112.405232,136.9557821,117.448286,-446.9237769,269.6796579,229.616849,-13165.84113,125.711879,99.5670071,-19.4173558,41.36650097,31.71246211,-3.695373328,16.50793501,13.02369411,-16.17141977,19.60739531,13.71765858,318.6676891,8.071340211,6.547802019,215.4302775,8.262770621,6.591747,-1052.523888,19.80751363,15.85997634,0
01-01-1970 01:04,-2520.219641,335.6898902,240.2566944,336.5536289,578.5083094,380.5257417,-13125.99935,424.1376998,246.4094908,67.3573341,247.8105432,132.8581593,5.201820562,136.076695,72.30114436,21.12355294,59.46405997,40.84552735,321.3060525,8.42101173,6.4411023,221.972087,9.044479575,7.001234319,-1014.479853,21.79470837,16.58257177,0
01-01-1970 01:05,-1170.576085,2073.958025,1645.445706,-297.46923,2384.040998,1985.898454,-13094.05601,3062.377898,2109.92234,-21.53137566,945.7658044,720.3491103,117.1616449,1106.240219,817.3939418,77.97737095,1054.686221,709.4902058,358.9838792,42.78972541,38.04703112,189.4294976,56.51860864,48.08646157,-1054.87095,87.80456997,69.93477383,0
01-01-1970 01:05,5101.163254,4200.775569,3632.647195,-4834.788426,6168.843891,5175.229521,-8280.749023,5658.933318,5261.47321,-246.0336282,1439.228043,1025.651034,578.1178529,1489.42065,1204.972853,195.4636095,1606.383287,1192.650947,21.15684458,258.0754371,245.5881859,135.3638554,162.4884547,137.8627268,-1007.655065,246.2866811,206.1951734,0
01-01-1970 01:05,10500.56977,2685.696002,2192.827542,-4518.875622,3737.149721,3237.994641,-5602.918381,2991.408327,2420.851052,424.5684329,656.6106088,499.3661182,-377.9767665,1118.481821,920.5168301,-485.6419677,740.7024218,542.0962859,0.840614203,127.197238,98.58640143,100.1662568,35.49224822,30.8929881,-1413.721662,103.1811402,79.72901127,0
01-01-1970 01:05,5215.819702,2773.475773,1993.235434,3395.673557,2030.011088,1579.516751,-11630.57165,739.1181452,513.1075809,26.54176924,236.5819875,141.3090786,-56.08811003,339.9030936,246.9088658,-299.1088438,488.6014351,393.2905933,336.5120144,28.9657661,24.48134892,-75.38062214,34.66826081,28.4871669,-1494.428949,34.0323315,27.27318694,0
01-01-1970 01:05,4830.208904,281.7373295,195.5815584,3813.469059,193.3246865,148.3330221,-11728.39277,128.3226548,103.2513983,27.29915431,24.74894808,19.10940802,13.81603541,17.4116054,13.51641055,3.32916516,35.47931449,30.39783881,325.0929779,6.136913809,4.788876049,-122.2443838,9.360395564,7.831614801,-1492.464741,16.13684896,13.0913019,0
